0.13627037481969,0.182613235481576,0.0973180451763703,0.0872311625240861,0.111772559166284,0.035828851941254,0.0591503626255374,0.0788781201456442,0.0840814845898253,0.0154949751031862,0.0126340412662693,0.0590175558316302,0.0492392202732556,0.0724768296242841,0.00484307073584668,0.0378717301862434,0.0759450823997469,0.0512041251713415,0.0757445720595242,0.0301498886585184,0.0789265081539176,0.067426577005417,0.101146515367272,0.0416732794870921,0.0471689648394282,0.0901581774973599,0.0891633955203091,0.0514760205516296,0.0986549459344561
0.0349337612290204,0.01717295559842,0.0164889187497929,0.0245636185839177,0.0150783654295135,0.0177349580671403,0.0488129088118437,0.0295388049274553,0.0805645999914426,0.0224631415870597,0.031393835066973,0.0292765232750331,0.0397839791521245,0.0431645340667802,0.0644594776318996,0.0393049696224113,0.0668396240234141,0.0324024524918685,0.0358595673093948,0.0270364145772741,0.0444481080441359,0.0181808947133342,0.0463991689053326,0.0508274956908982,0.0288566399789552,0.00505857402133825,0.0553416493235896,0.118461230110721,0.0863664225390639
0.121278326435152,0.0781241599374082,0.0246425703850849,0.255362274240664,0.0290099396644275,0.03950578205724,0.0790920214656126,0.0263364615385323,0.0119960677262861,0.0491709003314877,0.0652229119964206,0.0644411485744646,0.0185770937748245,0.0319207221473161,0.0373143511452798,0.0394258620441924,0.00965792510163745,0.0301474979771496,0.0932415112173629,0.0746617608912864,0.134060319512338,0.044226220014196,0.0186385572368609,0.0621689845632447,0.045426490532846,0.0257003519895549,0.059231736837624,0.0391359800780911,0.0694692596720979
0.277090039206103,0.0203344903876948,0.97438246325521,0.0637999075832286,0.307414204131786,0.28023620069446,0.070272142630762,0.064107141305285,0.114906284975205,0.0477261271165133,0.169671751628027,0.0288178572431033,0.151072742147145,0.181938449114529,0.00880457131510126,0.0379116501273113,0.00483254836705082,0.0335509017954764,0.116076495208968,0.0598593302891064,0.0826686767926794,0.0681904147362611,0.0717041617058886,0.0367326467823108,0.0367362617032006,0.0132156430757082,0.130962852615346,0.0768446701639654,2.59562038182467
0.0449187537462022,0.179342218745612,0.106922690917083,0.0569947071964754,0.0702048430138141,0.103024096946836,0.0648303227336946,0.0269452134336442,0.0458282772534605,0.0192399232262417,0.0462575674274362,0.0222053581395279,0.0329529569271021,0.015176432549075,0.0158314691546168,0.0548958450960298,0.0250896226362397,0.0102182308081845,0.0288432012508459,0.00973583071064088,0.0574731339266053,0.0266540067482253,0.0444110010649628,0.00901926664836563,0.0333207084182135,0.0315878847692462,0.0080196217464103,0.0344624829628874,0.0337981620370771
0.126426909458139,0.131573278907727,0.211332660868087,0.191101155172209,0.092332885370292,0.191726820853026,0.126544288838878,0.116104929475624,0.0469313853094148,0.031124694838995,0.0745712831873896,0.0289660227382642,0.0215543765361047,0.0527180558775636,0.0422437586169701,0.0326399942436156,0.119357109506705,0.0982838525208926,0.182977150601502,0.196197578408483,0.350587222763621,0.231697092638182,0.110723252709454,0.102386087669542,0.0496985725059573,0.0706974701286385,0.0789232147988642,0.142046764972937,0.0544786044690797
0.0986895222633569,0.143906714222768,0.0779030636061575,0.0702496090839843,0.0340428052833932,0.0876219268240068,0.206505771790632,0.109206530644746,0.0274024720938351,0.053011099408677,0.0724792342945612,0.0218777446302159,0.0377961275722206,0.0285971213990208,0.0494555334072934,0.0249978825887257,0.0410424287709017,0.0273835816294469,0.252205179476442,0.186645438302483,0.0746770232997273,0.0764410054215421,0.125670291625649,0.133041985683411,0.0506776925118901,0.0406601152325919,0.0666814987758327,0.0632742746425085,0.0393312969688602
0.16510156367776,0.0718335542974167,0.139281263754502,0.0672347779840194,0.00927415855599801,0.0279618768058601,0.0355885037861678,0.0353885892140027,0.0303444800191489,0.0386445997244573,0.048510726663553,0.0633242790666702,0.0174818687422078,0.0273223237606371,0.0120538483124426,0.0292320502962743,0.00797765170574726,0.0120417504357183,0.0639458552389708,0.0515539690828114,0.0710014151581887,0.0562377998221352,0.188872300342719,0.131862693993887,0.0530876537710723,0.0585767211827705,0.0529955334858336,0.0720640347736903,0.0447748801142148
0.0932253770124597,0.162999966969069,0.031243306951256,0.0459166190050062,0.0274440960354682,0.0319883057892934,0.0609746297417184,0.0637407058093435,0.0523492459336217,0.0380763094859119,0.0395567290533525,0.0158822861940238,0.0172191682079583,0.0213416322875922,0.00718369968858242,0.0294514592904625,0.0337564393149494,0.0431694903588979,0.0785020078914459,0.0644199612396048,0.0660898626152204,0.0768204926751075,0.0402332000939245,0.0395487838491383,0.0119486708118301,0.0242812276610582,0.0411198770055323,0.0772706231405019,0.0139796138167914
0.0444185112198821,0.143524363426753,0.0722877345206223,0.074464157690258,0.0872999956055824,0.0236379098639769,0.051843702077554,0.0628697432436669,0.0615875277611292,0.0169430763308171,0.0817242971688863,0.0896482148881805,0.0835128871637645,0.0552399863205141,0.0331442791933539,0.0366891119170287,0.0833015773376612,0.0500819649121475,0.0550176471905282,0.0789455239254405,0.169984578538958,0.0961166611584001,0.0502557128869509,0.0239945494031776,0.0148458091504856,0.0289788443439447,0.0403638126599623,0.0130563286997381,0.0999287190923511
0.148248181253851,0.0886236887390973,0.0353791006469089,0.0718291817357773,0.0871738117093816,0.0994565113719337,0.0920667150169864,0.0827569296607494,0.0813026557761316,0.0221293024756606,0.0546693423788314,0.0678932879760287,0.0881077452263951,0.042662468705016,0.071376120633156,0.0870740495461182,0.145781105264726,0.132441397858633,0.0264173642590271,0.0860694233307299,0.0826116348028606,0.0390200162703982,0.0834461613682841,0.0537741646378978,0.0444774728093242,0.0514600387401519,0.0228390572901524,0.112040138655389,0.0466184685892194
0.0589127768566402,0.0709957218785279,0.0216628583620296,0.0499612324234606,0.115039619205956,0.0767143390917079,0.0755342598338877,0.0654488976323623,0.0471695158590389,0.0448375045344468,0.0533373517758775,0.0600197485460853,0.0521065001290325,0.0286470770066767,0.0274009245438536,0.0240489484133872,0.0406947555639275,0.0187312082133914,0.0478304257314729,0.0534415126928527,0.0702030944120334,0.0555130267863772,0.0192912502153659,0.106038293307874,0.0731516144017745,0.0497669111266526,0.0273241443616676,0.0556583979098739,0.0373603830557873
0.166489785971495,0.018500058498357,0.0832821269747768,0.17362540469199,0.0505586478621841,0.0457832281848147,0.032486737693108,0.0991798432594045,0.0887970369284479,0.0410688124350211,0.0546948111218193,0.0157295118883284,0.0168400152875653,0.0590720358426885,0.047383015860359,0.0396149424366529,0.0615944828116529,0.0656269500643991,0.110358846216575,0.0852791899813676,0.301373904820272,0.214289697636579,0.191682976702834,0.0828854778803218,0.0157795080133185,0.0182189213506716,0.0177180539969603,0.0877785434447409,0.0610369895135039
0.0901548044869696,0.180318519826594,0.0150662125268961,0.0327113074067322,0.0238508900837929,0.0487541244744688,0.0388640837331156,0.0331943182262017,0.0652034974025942,0.0528353047699159,0.0196535094134257,0.0276755862492219,0.0441708182395294,0.0638416943378514,0.0345798383566485,0.0298200950751247,0.0891533594278182,0.0457478883236333,0.0704633785511181,0.0232089757304372,0.136075916104469,0.0142142005026298,0.0786216080404717,0.00510728301617572,0.0757319534341634,0.0708807708621852,0.0376655346312874,0.033572282070398,0.0346080240087993
0.0906551126451803,1.63920416169892,0.034728651346504,0.325191628582248,0.135478518831832,0.101788705922816,0.0496474900730004,0.101351524782768,0.0763521834196667,0.112914536638752,0.0564917735310228,0.100337044540259,0.061457034253584,0.0564499063235734,0.0833280263745072,0.081875662013397,0.062647986830143,0.0896358426969998,0.0640561392836144,0.0295318308548723,0.0927466121047897,0.0935866931922177,0.0805165562631619,0.68507339504282,0.0644003983412905,0.00747516514903838,0.0729253552328154,0.0745441523941981,0.122586384969623
0.0452396456464732,0.073085859958874,0.0367938490097077,0.0604239128047647,0.0312383063465582,0.0167291910018537,0.0667028299400572,0.0409367889557435,1.1086637318475,0.0187867576804066,0.064982908396092,0.075379531041263,0.093845299578134,0.0872175526486108,0.0135974152983347,0.0389431208846011,0.106067961977053,0.0205207892615453,0.0308183727813718,0.401443275170498,0.189103542400299,0.173454514175889,0.0228786382319156,0.0610594219944593,0.150123836072048,0.10207755782302,0.125865984697525,0.169888049275138,0.0677343544035911
0.0634192586574818,1.4944069165799,0.0295183817193188,0.0253273972559159,0.0597615124605765,0.0451356442062852,0.0694171291591295,0.0438966034678627,0.0316526853124646,0.0775686000242952,0.0574700846700094,0.0284532264007196,0.0341096461343336,0.0193480040735451,0.0673997472411586,0.0284155074550335,0.0874126870051477,0.0297296384246117,0.763594128719311,0.417883406129856,0.585195002988849,0.696468793229398,0.082495641838935,0.0970034926383205,0.122963185117137,0.0885047186052097,0.101418338462818,0.667130586447173,0.182319940535004
0.0725971823405355,0.0779796131566965,0.0501917239470865,0.0798441322363981,0.0815514812037125,0.0310325978109495,0.03740113591202,0.0513215883754269,0.0235728164413306,0.0160126187779946,0.00811769488362215,0.0517446989430453,0.0265699378935351,0.0224443742700107,0.00576525090474646,0.0562982507119517,0.00874408134382071,0.0538144899878051,0.0452864148027341,0.0191524970420719,0.0685694979039124,0.0415487106418801,0.0267846846350379,0.0462678881911145,0.0463551005647339,0.0529656853829599,0.0514625056467379,0.04605470993599,0.0465894332503887
0.325539317254543,0.321713275437019,0.101243425447204,0.067492305809865,0.183559133716475,0.181118415532072,0.197357041486136,0.192140717950797,0.0863113243097787,0.0623854996341179,0.0732495559907429,0.0242345241393827,0.105100838223653,0.0194789844064381,0.0717699431679831,0.0558010122765688,0.0696323102161298,0.0751433323984766,0.032443480105359,0.0224816874387409,0.0398138931039685,0.0378342711517437,0.0146912577518884,0.0379510790165709,0.0120326763833133,0.0178245918725253,0.058993479131297,0.0456513966010561,0.0809075294870026
0.0314691698206499,0.0371975232053794,0.196273044672271,0.04445957483866,0.0623848963805443,0.0387255627534567,0.0182161539172327,0.0582732767371691,0.0481811797699795,0.00980064657310371,0.0165418797994458,0.0248168167981888,0.0589751221716123,0.0527146356038982,0.0335425777712301,0.0357327953954779,0.0732603301326386,0.0758228922829169,0.0845273459615074,0.0644849691324545,0.0590711080854925,0.0599319362469092,0.22138065581978,0.735026333888753,0.162372943411482,0.138117498522973,0.144351220773317,0.162335476204626,0.515032796166104
0.211158264482333,0.0639835818092424,0.0795112627739901,0.0506496002584507,0.0638520296351842,0.0606367360250313,0.0817665944428426,0.0681695016115174,0.0262035305358239,0.0379278388550529,0.0360508968920578,0.0423781062989637,0.0540550110478856,0.0307676433634894,0.00879289857333581,0.0211094048950992,0.0589575893685397,0.0333938235304084,0.0200271404078362,0.045322713915146,0.024279012813,0.039622676292139,0.115532782523313,0.214538398337564,0.0267797567570396,0.0352546738089624,0.076601034030011,0.105904026893507,0.0332409165298852
0.19931261893524,0.0377341225993984,0.0435700236161582,0.072154974487491,0.0284367775927715,0.0204703293605578,0.229536197787546,0.0561968939743642,0.0409042165957536,0.0530159559491297,0.0783642628776211,0.0496579405326751,0.0435477144579693,0.00150939405787905,0.0178027631525385,0.0114905989661682,0.0765052994966578,0.0292816620382063,0.0704438812811054,0.0426662979321481,0.133205718039946,0.141505003765274,0.0900213881454664,0.0803917238834002,0.0450578289364331,0.110765836740993,0.0638837789198455,0.0426777088932586,0.172266734269115
0.0791027986623148,0.0278212462808923,0.0343081253576198,0.0903043570871655,0.112632955242304,0.0557226945110817,0.0561629596849108,0.0384447344855045,0.0144931931407049,0.0934908284751906,0.0357525712962664,0.0304015460434693,0.0466612465635593,0.0459462408475838,0.0650970807918557,0.0292679632332029,0.0215632919955051,0.0627930073588698,0.127077737005382,0.0862639351892603,0.183001244168705,0.0411919542951415,0.176794902973895,0.200098418939497,0.0546100970564072,0.0570328967457532,0.100442147932943,0.0826407646445293,0.218722031157946
0.167692857423024,0.0586248703939769,0.0867231942999215,0.0361369750486255,0.13975289978803,0.0590271457143615,0.0862370246754941,0.0347601555665734,0.0243672824325932,0.153619789523924,0.114587594034025,0.0309234820798336,0.0976706566194434,0.0448367061184186,0.0933365436053112,0.0267321832365782,0.0347572389567704,0.0586250167156699,0.0920852528678327,0.0560450943224116,0.296052281741516,0.155893232046705,0.108190904798838,0.0444952762407069,0.0480095919522223,0.098541612086356,0.0721743610106742,0.0427522751836425,0.0813890774409362
0.0267096647563006,0.272147568420234,0.0418364080732774,0.0494223081650551,0.105579842019637,0.0843647782021724,0.0941380982921839,0.109758498681374,0.0563949071515135,0.0695986032465582,0.0928322112443524,0.0421311514916138,0.0680431820149287,0.0296526796916237,0.042019853553252,0.086065919290068,0.0609785873554131,0.0661433668208075,0.0392838238245,0.0571242443549886,0.073407181144518,0.0399980346163438,0.0295702962623715,0.0307698982591042,0.0355561167810851,0.039681978572825,0.0616115549361619,0.0617256151344811,0.11216523982399
0.109572254491373,0.142508189077501,0.0433364088969386,0.0478736552338798,0.307370382909338,0.0882077168199903,0.354382514984797,0.0714416795744199,0.0830610888524489,0.145652962297381,0.0710287033888448,0.0948028230535865,0.0272600266075134,0.0677800200447459,0.101527489773394,0.106633896218958,0.0585829780412725,0.0762486783881058,0.125727714915677,0.639785307516741,0.138702261352377,0.0424967837951151,0.181111771442377,0.199755355330045,0.052566743958285,0.0867482871850531,0.089764268601342,0.0759247676992796,0.100907345010386
0.0638457088346474,0.193791504729319,0.183657938614482,0.165379669223144,0.0637191728630836,0.0587816519670284,0.126161995111545,0.135231071797191,0.175408778193917,0.0963948041644139,0.128594295236406,0.109725180747309,0.0460574492711068,0.0601217257654107,0.06785007635608,0.0919370117473062,0.0978657864205825,0.0820784460433663,0.429649631893497,0.27072680951074,0.421916923737786,0.366397045200729,0.41216756533948,0.263692169961285,0.258861708467999,0.347000209550191,0.363248371732275,0.275290336609132,2.52542489173326
0.0768691310074252,0.062195423556666,0.0206992963217241,0.0607782970300247,0.0560158278382398,0.0789616139994597,0.0713464785072914,0.0700981423056558,0.0583409314818256,0.0638270315751517,0.0504758197280834,0.0900724890836577,0.0905757774464109,0.0644592546845407,0.0156225987642436,0.096109669980633,0.0548678319635346,0.0489494598235108,0.0488948245024929,0.034115077468004,0.052562557544756,0.0758101247685903,0.0515229661542128,0.00512647230885857,0.0287157622036794,0.0140142812139631,0.0098492391050868,0.0185784864783144,0.0388738169843979
0.0544658105078014,0.144984416934652,0.0716574012809075,0.134825817326102,0.056130299219415,0.0217873775666766,0.0812975014597454,0.0578137190502351,0.0430361339069836,0.0324771935246819,0.0238120562290734,0.0361111483576964,0.038058629887296,0.0161394182275442,0.0610108391836305,0.123883642088704,0.0193137478286146,0.0585233953219597,0.0108900249863789,0.141352153675829,0.0599124972276062,0.0144289939263837,0.0665464602923668,0.593518752088637,0.083903644548434,0.0885702724585788,0.090857977763543,0.00596106190919088,1.92733911756099
0.0724814400055107,0.219386699259043,0.0626601291956255,0.10365511943772,0.0794181203146448,0.127555508729235,0.231036266652745,0.118053351314402,0.059958020130012,0.0206165532471961,0.0337979733047232,0.0411025057819612,0.0409678506109171,0.0555787221253507,0.163405747939834,0.0418311609990174,0.0829472793646071,0.241903941786288,0.122752870936364,0.030549554956997,0.751344782364782,0.903858548755274,0.00498694291060632,0.184907482662021,0.0388184549889769,0.0553097503331239,0.0240550586180691,0.0348278183176444,0.0390532554812154
0.216331887874391,0.0341360355722663,0.0859309043358969,0.0138970771167033,0.0311871989754156,0.0227707449248907,0.123377239786823,0.0965609775120386,0.126871548565275,0.0560202523598852,0.0980889441306874,0.0355394773619867,0.0780300511308429,0.0691337757830197,0.00431353295889831,0.0358918580095302,0.0432939999882577,0.0240614318328507,0.0342723021708941,0.0493622879492953,0.151578839463438,0.0142838715455559,0.0559015262184231,0.0647903475996272,0.0496187787094563,0.0872047948506502,0.124347527546474,0.112246596503304,0.0707179620807559
0.026387023767987,0.0637913981415119,0.0634111356449286,0.00467462432946109,0.058315699633409,0.0182372010579888,0.0200321254517371,0.0259145263547407,0.0255350703545781,0.0213774922324818,0.0502288738362963,0.0422050150878465,0.0305444278559725,0.0492299466170969,0.0326424804324675,0.0118740876251788,0.0114814173186981,0.0445037589482785,0.0581348175118316,0.0468910037120708,0.0584764841178148,0.0487312278863013,0.114763413453511,0.0273547088746884,0.0150210223736468,0.0373272373406615,0.0186766237540759,0.00888503986301094,0.0480370645079528
0.182292935821329,0.0381234489961944,0.0167028964727037,0.170624693180536,0.0164409355711571,0.0267580206334033,0.243463884677202,0.047747151893844,0.0712658135164391,0.0534884535221867,0.0438284370483273,0.0559862632679166,0.0691804548574547,0.0401712833208151,0.0262734566033466,0.0444768050004299,0.0752626129128146,0.0442340226395134,0.0939695414983007,0.067847535706182,0.059775458304712,0.0608223906499844,0.0430520805085843,0.0646773582013061,0.0454613209469516,0.0871923137188719,0.0535626704371652,0.086137407772918,0.0834299969629073
0.126613730080425,0.0847166481443973,0.634976324842272,0.0551648987469057,0.423032262405821,0.0913402883004618,0.0126873235481573,0.0387635074040765,0.0537579533520441,0.0361724575434793,0.022074409850627,0.0185360607481958,0.0453879652518752,0.0331363517294095,0.0107281317271003,0.0437562408020936,0.0369872063382633,0.0325918556701834,0.0535936655296727,0.0322957996284598,0.0542743016448655,0.0337215207704698,0.0337422022066385,0.0902924264723849,0.0167498893996798,0.0346998105555877,0.0310611156089876,0.0327500961824898,0.0683153472339509
2.92412909944839,0.112606464333433,0.039038399637548,0.071208409868605,0.0940341670040191,0.050281012370325,0.0386189974553518,0.0863842198527257,0.0429493690205813,0.0310143590026047,0.0474236911885062,0.061523829837331,0.0300480112360636,0.0436933341417423,0.0213411748215292,0.0411862593256417,0.0357031365538979,0.0146534030367056,0.0776601738966374,0.041242188558637,0.0321753721452565,0.0595221709269956,0.0188100521387546,0.0108421457647661,0.0702213993190328,0.0429522990735129,0.0334143843345723,0.0651368859677943,0.0743163085125122
0.0814810834728482,0.114826377930415,0.0136667851530841,0.116625485308209,0.0823389992443855,0.109623940126016,0.104942188203666,0.116230430946264,1.0300346479154,0.261083795781747,0.0877123598824071,0.0547262494754497,0.0511575917320496,0.0354428658770257,0.0335702851964501,0.0120986535836726,0.0500608881263397,0.0179357164318247,0.119403258020343,0.129916862477183,0.129168008507477,0.16719257658395,0.349042682406012,0.0246151456575371,0.0456137484032161,0.060934652647751,0.0834039283625191,0.069596768991099,0.102142877803438
0.148925620622516,0.134517114907254,0.0668792191643657,0.0474452836464853,0.122065243822405,0.0956153772816217,0.0640785087009594,0.0424338824493781,0.0821327677057833,0.116976443802908,0.0779021733912636,0.109473766923313,0.0225486231153788,0.0562168507228831,0.06581681837842,0.118842791052765,0.0477552890553881,0.0931452028051731,0.0440785185887151,0.0143682151113233,0.0435097387216962,0.042650998671762,0.0424899272043179,0.031126539151228,0.075356895806669,0.079914325344453,0.0553378934345443,0.0496752455388699,0.0364140294397245
0.140647763821327,0.0724393385252822,0.0446918399833552,0.177930299674609,0.0917263677291226,0.0400897310970002,0.0946946449877457,0.0480405015232803,0.044705323062986,0.0621783898529826,0.0590837929243654,0.0381743418427916,0.0402184169928873,0.0545818886934107,0.0155947383487814,0.0524419435559762,0.0515405608184773,0.0135717770550005,0.100173517164031,0.0640348478555436,0.208198662528135,0.0457835760395694,0.087130905313726,0.0284372819008313,0.0604806745306118,0.0401883049697072,0.0385908806964743,0.0843764180623471,0.0764395366176832
0.165163095873884,0.0578670771216693,0.0725934120262178,0.0258374489981386,0.0978537107873466,0.0758724850093838,0.0896546071256918,0.0543023877131858,0.148673164888247,0.0670352110543474,0.0510799334966398,0.0332912385955861,0.136873069868164,0.123890730967624,0.105175311422359,0.079849191631668,0.127558564997075,0.0774323745869558,0.0467953960951762,0.0308155829254859,0.0445432834118609,0.124284553146658,0.710971098421755,1.50065951323269,0.0291108842958465,0.0551306715110622,0.0292655021552421,0.0621273977042127,0.104032573939971
0.085292944441269,0.0893371369646497,0.0298302125999697,0.0146826121310687,0.0346906623349346,0.00997402449236162,0.0825323996614347,0.0466623025516959,0.0826173554776577,0.0381888025394436,0.0509547921163046,0.014298192751832,0.0487611060630459,0.0834100364505027,0.0275375877193008,0.0456673625247139,0.0732111200064289,0.0431956335141039,0.0656560837290635,0.0764578294073003,0.044968392881639,0.0187436764041088,0.0663676623116136,0.0304131354883223,0.0391399864962834,0.0692277911734846,0.0425623371163272,0.0289289240546571,0.135354093400275
0.185928161429054,0.0381115629425401,0.0628760059411915,0.0202820634246056,0.0283998914584952,0.0176427746378522,0.0589610505116893,0.0717810640825209,0.0408968504043942,0.0514544211641363,0.0283202220770889,0.0304382281553153,0.0335878216359642,0.0341474509126689,0.0364061514912118,0.0380843533825918,0.0237660073519752,0.0350839460603967,0.0527924291164108,0.0194155721904948,0.035204974549834,0.0616843142038571,0.183492536561183,0.0744102022007289,0.024545914030786,0.0675443059407247,0.0546849555591453,0.0600578235745241,0.0961737145959374
0.521604882597812,0.13811561307517,0.0409388087765626,0.140297639813159,0.109656465634084,0.0580836309723723,0.139305418586082,0.0454915029487051,0.0788484185070714,0.0985711114070709,0.0513039312619243,0.0853607075546251,0.0222987502948599,0.045150215341219,0.0254917325552334,0.0540164101064613,0.0435916692970691,0.078007991739509,0.0436068625982076,0.0366960320352717,0.0635668137025575,0.0412155147114494,0.0500098861555247,0.204848882008712,0.0726899406594915,0.042312360205814,0.0608194858459859,0.0223104905142512,0.0429416579400119
0.133344968643793,0.0494345169028184,0.0298829067494773,0.178703096526976,0.0512957338993649,0.020909493514105,0.0920631291040513,0.0360899976243636,0.0122177558883149,0.076381861388591,0.00690376207093075,0.0630354517802631,0.0672501481531471,0.0258728607973786,0.037321808344169,0.049743105519917,0.0464636382839831,0.0390823553840367,0.0786562084819696,0.0957811269055035,0.10399030251049,0.0998667822833475,0.0445706534829122,0.133146529936532,0.0748839762647682,0.0380537224102188,0.0894595643973749,0.0413222422600526,0.0900712914339678
0.0845066517728231,0.0348222748024731,0.0677109452345762,0.0328407948635564,0.0792955121786919,0.105988097472767,0.0721107543190346,0.108247561865082,0.069912344771419,0.0415619757623108,0.0678722273432094,0.0597203710963101,0.0306252153615694,0.0257895644394181,0.00527593498840043,0.0277580884315023,0.0106197907218329,0.0166521424323712,0.0204445336442208,0.0579942422482202,0.0333071000112239,0.0704493667615585,0.0354409538392187,0.12168561951378,0.0300237598427047,0.068260472873716,0.076657002234143,0.0601868175983711,0.0570426334193921
0.106556696777809,0.0768825058941343,0.0119332960956924,0.162274204973726,0.081104912175014,0.0396361866858768,0.233169791533951,0.0675727618406207,0.116182608873747,0.0670031140602718,0.0597756808998045,0.00989658508587402,0.112405434313024,0.104448390008087,0.886081855447228,0.0343284446146662,0.0701570121177245,0.0398552263997007,0.0871484683450691,0.615839545255732,0.165297912366982,0.0197451528009095,0.0807849804700596,0.0611070617290123,0.118955083007634,0.139565131468406,0.124683124118625,0.231164185512944,1.03341377324747
0.034987231517116,0.0280943610525769,0.0509610651552933,0.0718277773024393,0.0528692834282419,0.0429314772354081,0.0319566293140891,0.0446443944644086,0.0422952979288644,0.0572562690215516,0.016765360707808,0.0380853404554346,0.0587483835021501,0.0346487841634528,0.0250517867457974,0.0179655127334364,0.0491812569648389,0.868486691325967,0.0471530394173438,0.0643248142458197,0.014268637256598,0.0213677175789162,0.0266036970927491,0.20066176531374,0.085936605164964,0.0742191336606734,0.0724006744131125,0.0769335209071681,1.77203025495836
0.0399437547859597,0.107576547396025,0.0312494436305128,0.0550884549112697,0.0198978822144204,0.0427341339268986,0.0200039006310456,0.0315207931707735,0.109347578955914,0.0361983262488819,0.0353236648561102,0.0362510174214937,0.0273804410739042,0.111797445414169,0.0363978131888694,0.0386603096379794,0.0364073734628753,0.039836638787123,0.0233702314982959,0.0219077172944069,0.0320054139386384,0.0306998820438726,0.105750071211823,0.0227382702724461,0.0735529033612348,0.0660247014558983,0.100054468817204,0.11651300104797,0.161896708927438
0.0779034375516906,0.18218369875802,0.0940769169634865,0.0555610280613121,0.0656276456686838,0.0738227109932604,0.0344612099232913,0.00622542628454169,0.0528067842521323,0.104905096923536,0.0541575539102521,0.0459299954468963,0.0176250203640135,0.030486595198972,0.0391377040927852,0.00498304891389909,0.0767849784450603,0.0255936316377206,0.0631770095484321,0.0448951559067625,0.144808128330792,0.104657825954105,0.036643088757125,0.12333526911494,0.0567223905453401,0.0463893507153569,0.0550011873068632,0.0817447153478803,0.186452091757116
0.248706213608172,0.0377655098995606,0.127499867575521,0.140551699218579,0.126689094979695,0.163494476148762,0.0732588583339214,0.071353499916612,0.153988721036657,0.0715049832533277,0.167442986486217,0.440768350506245,0.137488872017122,0.0904243852084945,0.0661105893396583,0.0522070116376739,0.0184775840987343,0.0351946890351542,0.07694791353519,0.0265647648048404,0.147668335485484,0.129036872647774,0.0504208570661287,0.0842615519496465,0.061867592177112,0.0338367495932908,0.0756511130685055,0.0507478702684855,0.474399933227745
0.0994504931729633,0.0538502650072674,0.045344504121734,0.0690816336262765,0.0648306527445342,0.0432489656385573,0.0256083050672627,0.00527052064398654,0.0843595381757942,0.0966859964135414,0.0727493931550281,0.110235684154447,0.00108874747026937,0.0456022317056643,0.0984433706438949,0.0725508655220452,0.0401466164375842,0.0658492384599985,0.0806528487196805,0.0455662186534322,0.0446095367191854,0.0783953070543212,0.149693846551865,0.47431782771012,0.140685895347017,0.0819945112275675,0.0926351570797542,0.0917363743247315,0.0775301548844421
0.0268453099237106,0.117389275163815,0.0668555164499837,0.0826870901779346,0.00887219346968782,0.0268191527755297,0.0268987921363994,0.0366251310982679,0.0248322370130909,0.0180961458083436,0.00327595699813561,0.0165646858147401,0.0361121302255784,0.0078632146236602,0.0131997808725627,0.0633466244130577,0.0157079871136362,0.0289408573143175,0.0434547889873652,0.048448935123278,0.042764288039869,0.0547925695952326,0.0413302735005104,0.0168319638503699,0.0298824607426094,0.0426323644301507,0.00477168931191715,0.0345231525463979,0.0884408419331409
0.0667482972196095,0.235151156015746,0.0248490448988328,0.0239767135934675,0.0573150029838008,0.0650334729459892,0.0695430549886606,0.0564386273870507,0.0451832657961152,0.00367684535563463,0.0652387722629566,0.0257882623272375,0.0146227770471538,0.0300046125677979,0.0215745898356622,0.0662815833853364,0.0244905066391622,0.0343800619409671,0.032345008631637,0.0545219580821224,0.183813273543364,0.154532216321703,0.180042779915428,0.0303114227404713,0.0521771493313826,0.0602129889986745,0.110859887260424,0.0840745173213183,0.14014674537154
0.109872282834911,0.0928941133839416,0.0493092405020363,0.0289917214018181,0.0378927730622577,0.0359544587985521,0.145073147379159,0.00613011294349528,0.0154422425275752,0.0464411669092661,0.0369322816064061,0.0165580833513513,0.0213633394985855,0.032434541663693,0.0357557945802498,0.0679517035987499,0.027333230560481,0.048680952073409,0.0451788213580436,0.0305932264393701,0.0920268646419725,0.0436796246122709,0.00928946511110581,0.0121590862193365,0.0273612941906712,0.0470790589049381,0.0878052362706936,0.0774827992185057,0.0230689520893248
0.0856015415780544,0.0615909368819808,0.00554610690935702,0.0252665664836626,0.03055187533824,0.0693378046597572,0.0679622911420587,0.0529266660754629,0.0131565859070988,0.0785737371059384,0.0453077887602177,0.0184358932119002,0.00913971147239208,0.0864524209428501,0.0516648348509175,0.0336087283787792,0.016622554272111,0.0501598605569632,0.0593433122841347,0.0916396523985926,0.152826217149455,0.0873342688756987,0.0989830505246137,0.138477454110103,0.108601552746418,0.134797702476425,0.145704037097588,0.171458869667633,0.81587310374529
0.0937324814075468,0.101837254014425,0.0359982631573563,0.0509872514149733,0.0620216353405274,0.0516037657694215,0.0303775037802092,0.0135251689595529,0.0847603812490034,0.00470520908154891,0.0856136639784,0.0404801937295068,0.0833470900552838,0.0928851053562336,0.0311710909695814,0.0387698807337745,0.0781679569879429,0.0783612680389486,0.109684722997194,0.148988914163496,0.0733816138045209,0.0916779569338638,0.265088556604044,0.228718079997142,0.134212802590105,0.114058233869808,0.093850220651025,0.0615970090869366,0.144513812317064
0.0819415385263129,0.183286455088873,0.0806265923742126,0.0262111514952775,0.0776411819877199,0.0484135531097496,0.0448202123713608,0.0464043918607184,0.0303471071836975,0.0311904303206545,0.0519264768464539,0.0556149964642873,0.0668290368508684,0.053062844069522,0.0399311727134322,0.0882940060740704,0.0386735512899494,0.0345189064747734,0.0118476176975753,0.0461369652733599,0.0271269675522276,0.0368598436880575,0.0357712758005048,0.0405275999539693,0.0370102037572987,0.0452891139693067,0.0430865290228407,0.100298114317195,0.0504347263358194
0.162449909636835,0.233886273786118,0.0191317348763243,0.0596593371764925,0.0955744282880686,0.0495626979997383,0.0568306447574864,0.0394218545051159,0.0544602894097817,0.024244093523991,0.0416413425280438,0.00846584145509027,0.0404101788273322,0.0513681977307248,0.0420610430017,0.0492240725402079,0.0608589927100622,0.0582956470614339,0.0718436769982753,0.0366673491894199,0.0744910664086581,0.0376120235306028,0.0318034196067725,0.0366716260738004,0.0474945186113816,0.0683074123972736,0.0291769805867313,0.101014733867822,0.0375217522914193
0.0808436265098916,0.139139888739973,0.105116844753502,0.0572494344849831,0.0968549394447814,0.0840672310625222,0.12061752975292,0.113683301515858,0.0830453703537832,0.026364868061121,0.0165222577637325,0.0561846810852494,0.0325313608003921,0.0366783302082855,0.0323701799650561,0.0447677718837289,0.0313142376353217,0.048054430077778,0.0224220326559543,0.0554983133569362,0.0858235424348092,0.038535885624225,0.12891579828477,0.0626974860272386,0.0114118272923584,0.073737270568629,0.0623251349350347,0.0939307746325867,0.141770677867622
0.0244676927702957,0.0578336595913694,0.0151755765986135,0.0372660180836585,0.0448633589640699,0.0215997794380369,0.0751414393326661,0.0652619500629809,0.0179631228097635,0.0162461659058524,0.0320124498252609,0.0320837081549847,0.017133605869352,0.0203956049057578,0.020735728969225,0.0378303785633293,0.0192658461180645,0.00791836679685647,0.0320429864878272,0.0527027945080962,0.0276993631219002,0.0482573974459996,0.0503845056086264,0.018943571973543,0.0151503488845693,0.0484285986314054,0.0558358151068357,0.0424435296863649,0.0798661968096645
0.0644171476026813,0.105548252938891,0.0611819853742541,0.110738989281391,0.0491183019975199,0.0493648074325751,0.106032887380214,0.0602103548333989,0.0209893386935256,0.0369229795225408,0.055830879797769,0.0371669312175225,0.0816888543265391,0.0833091363989109,0.0449720948116034,0.0590571795089769,0.084843255449588,0.0450215463573748,0.0322427641778476,0.0614464344487716,0.0780188633553471,0.0941589154399755,0.0696148949756998,0.155190521203419,0.11613943258947,0.10034040582429,0.121287302720567,0.0977760751155605,0.183164201991267
0.156810913188442,0.0216372045171174,0.0962502163498863,0.0939681884758646,0.0194175820672947,0.0289415634108521,0.0855637422515047,0.056507658817767,0.0183809654893384,0.007552196536371,0.0439843399537901,0.0698576060295596,0.00596569015703138,0.0138436479358439,0.061604501968802,0.0245247167197445,0.0161451079538829,0.0528701987293018,0.0667481129595806,0.0795913779099844,0.1309342435092,0.1108408480421,0.0143526850022774,0.0405442598475878,0.108126960810284,0.0787024208974963,0.0301007825914885,0.0402986784716641,0.108882696113116
0.07154507392333,0.10599211569387,0.0305331189730329,0.0477268805916431,0.0719392844554464,0.0156244640208471,0.0115485176141758,0.0237633825779697,0.0412183193921165,0.0645593297777766,0.0161990255173222,0.0188749141729586,0.0222015291291501,0.0361820703127479,0.00613258433190676,0.0122730424172993,0.0220452351822773,0.01086279116501,0.0108811863098624,0.00522961347372641,0.0254530769084277,0.0564172802319278,0.0263942014250167,0.044003313010391,0.0238039356912235,0.0354277749507136,0.0634074540546184,0.0448685021062502,0.0290382273482594
0.335135342869832,0.0773744240386643,0.0591346126061927,0.0805499645103017,0.0951396211883029,0.0514520813302254,0.0748354063412541,0.0360772779561872,0.033212131173383,0.0874957146691492,0.00454415435796588,0.00803484607473809,0.0295562169690458,0.0373134859629042,0.0390539398518486,0.0264024662805471,0.0628707090270487,0.0286120706504856,0.0603095465748027,0.0410190556225055,0.186195104355365,0.073506670406135,0.106461312740595,0.0894320144809865,0.0577085109192366,0.012928306299225,0.0857761338784048,0.07679755535027,0.0592568104381561
0.056551388294643,0.0786840979301711,0.0379607361006039,0.094969063213177,0.0451370914861857,0.0915604579556042,0.0374079900133802,0.056167891862717,0.0309872361360249,0.0106665888287303,0.0504031498920932,0.0392476776673157,0.0260116388026686,0.0505993311123633,0.0349789920125738,0.0145952839697451,0.0363459759382819,0.0181159609466602,0.0155052502223499,0.0278643053933559,0.0180897690448316,0.0661226467106519,0.577226840794071,0.115896702291002,0.167547737610059,0.239509698500721,0.594575890310397,0.196204412021402,0.197562028282191
0.0813722518814693,0.125331379383487,0.0755339444711723,0.0443434082975539,0.0515710914077947,0.0864851690683213,0.0345665979164915,0.0661771478182582,0.0355018671056494,0.0617043623574337,0.035846380534429,0.0681598519472538,0.0148716670404777,0.0142213697354823,0.0340320970617277,0.0318424127858685,0.0317322389454143,0.0282767503352247,0.0560032269911371,0.0705244812249541,0.0915660283866036,0.0509074977545508,0.0505344554427253,0.12800288986696,0.0633501166368877,0.0293133840347849,0.0537074217557176,0.0749055832536496,0.0697353235085384
0.423464067973268,0.190180515717546,0.127348932999057,0.157221287735085,0.0763917683889732,0.0885446755685058,0.0254968061240084,0.0493704439555903,0.0537340274949371,0.0328609844843531,0.0130838571770019,0.0295991308823074,0.054440511276763,0.0710298112606188,0.0216608094344768,0.0210202685512547,0.0705508375351299,0.00837271984036803,0.0156857428482713,0.0221832160659043,0.049656318308482,0.0446811139856424,0.0250522207649103,0.0493003195290381,0.0216777240411982,0.0138031171842367,0.0252107555338433,0.0452988867890472,0.124656957501839
0.0626369574390208,0.107755897828179,0.049588250430022,0.0773264356757934,0.0658431915031201,0.0486867485395868,0.0350779726045923,0.0287339029557093,0.0762496698543164,0.0709707613177613,0.0836048530636413,0.0747117792513435,0.0997651976384087,0.0793909381594402,0.0835835095119864,0.0781294243103567,0.103810954057942,0.0807138975112567,0.240752245188517,1.09156417329044,0.159571690568102,0.189921904605149,0.286278185422677,0.619967577784758,1.29688470018985,0.218050513450479,1.11089391634327,0.295996460918771,0.256770363882694
0.0996922229905438,0.0983115210883043,0.0924934191036373,0.0973591325170102,0.0719532821775169,0.0905926850246133,0.0661396015009651,0.0231314768760827,0.130854795276753,0.041211623302491,0.0953721309502072,0.0663404642118612,0.139853204942282,0.114275116405156,0.064862513397038,0.0753116093980943,0.117639796682189,0.0490978189814276,0.0536276412095033,0.111470208285271,0.115258317988024,0.0965674883870305,0.233961590225624,0.0512703890036415,0.108242791606678,0.137921301437831,0.0935672976048919,0.0594142952593405,0.360388028203827
0.105243795596618,1.57244206459741,0.0421042590222491,0.162907225565483,0.0440897740892753,0.0838395086420364,0.25374901312965,0.246927301094443,0.0758303692119595,1.35313406084822,0.0282470156363981,0.127148079265135,0.0223934857945031,0.0408924853765702,0.846897197476621,0.168750941635989,0.0598193149856835,0.146014632505461,0.0425186987903672,0.631059893686527,0.0863554179899645,0.0378817611848522,0.154759757358988,0.238132347474625,0.150471434108897,0.112906635831885,0.0511291323358003,0.0548839075111994,0.17879660384986
0.108637119010614,0.014760833802468,0.0986692325258309,0.120860567617348,0.0398357870082893,0.0656500937449383,0.0369160891531147,0.0073482988901036,0.0509623322787592,0.0736642238783594,0.0505998696847779,0.0738281794444859,0.0723052153225974,0.043248278867998,0.0839016848646028,0.0619163628865414,0.0379616682544445,0.116922235508411,0.0946408137130648,0.0562554275239269,0.319070518803715,0.0554309398038595,0.133415044704496,0.123651838297753,0.476893074975865,0.068847108911721,0.0975211553943722,0.107681753874415,0.154803607766541
0.0409215491553271,0.0294776269835737,0.0516616563764938,0.0613468356109207,0.0814094795448895,0.0304842813668827,0.0564409802799738,0.0448267854447036,0.00588239516077302,0.144667938188508,0.0194119636055259,0.154121602068745,0.0511004137166995,0.0532440328951462,0.0840384812257613,0.150681015154453,0.0308044022917442,0.0726042838196581,0.0611315517048691,0.0725688410151663,0.110659009457337,0.0485249289650249,0.0409002152441244,0.209374798923228,0.122488481099377,0.0459392053330558,0.0651121119406651,0.0209466655420768,2.16728224543876
0.0519123981023918,0.0227305403552927,0.0373818758244724,0.0268992709811648,0.055069646108747,0.0416794683203227,0.0825601160524935,0.0353216769546726,0.0874450326546935,0.081003968757215,0.0599950427059244,0.101873001223757,0.00491331182208075,0.0761642459121436,0.0299248310030646,0.0744669611179949,0.037158777174919,0.0617236051351724,0.124810412772191,0.0375845260545533,0.184737659850434,0.127729881518301,0.0527181517812545,0.0540444431931411,0.0779385472057395,0.0732635921050957,0.0468312329003278,0.0621715768546399,0.0120785779371146
0.0579963866211499,0.0822702789334283,0.11916861166756,0.120999408139679,0.040351083924857,0.0280401343956921,0.174105389728996,0.0346337018809325,0.0177380804048956,0.0911623518626469,0.029439640767792,0.0977931352175228,0.0684435245345546,0.0608294049618179,0.057461948056593,0.0938505559807474,0.0419024911418346,0.0575197689336997,0.00807383730064634,0.0984271577507815,0.112763165275308,0.017294746740129,0.0834939985214707,0.0608049258560427,0.0663497905885693,0.027154490486666,0.00435934752344166,0.0319557992448409,0.0305279238189781
0.184582424817443,0.0949701131361509,0.116980968392318,0.117835202251803,0.0525923227818559,0.107581250296019,0.102221966305812,0.0344039225175218,0.0590773834646799,0.042835256775999,0.0865518497262068,0.0480477795547467,0.0839969959595881,0.127708777387323,0.00774501265163231,0.0755326940111988,0.105053999900113,0.0542640437567134,0.0640353039012848,0.0164936674099891,0.0122282543059491,0.0519627684036622,0.110023787550463,0.00887134997503003,0.0573440725743142,0.035488259835015,0.0847779676581847,0.0822980487877723,0.206940412106978
0.0734807537776392,1.59677372039955,0.0953436527473485,0.295454788222459,0.0203929721817557,0.0492843266067417,0.282864961792887,0.319824665331463,0.0703318697571794,1.28468431482252,0.088488899966064,0.133144808526225,0.0528355172656064,0.0590065931595438,0.158977233187905,0.185035384852212,0.0770163196818838,0.155588308855945,0.0532055961335778,0.106133866016248,0.0926476932493307,0.029301953941117,0.0607284183029838,0.0832896745855972,0.0518487173672744,0.0356173471270205,0.0375774509124493,0.0894879987295616,0.106295262758061
0.125756826411816,0.168598146168804,0.039288467979514,0.0411947861903546,0.0602410718940997,0.0334419238443369,0.0377930653556147,0.066491784210423,0.0269079384822839,0.123594244121363,0.0557693560420797,0.0827769628618859,0.0540991652400066,0.0594487204025108,0.0570915679423751,0.125185378109876,0.0613918937837422,0.0552810722564524,0.0884972781574333,0.154965862152464,0.145617215873177,0.154888977604296,0.0419221277626373,0.186644409534095,0.0691978333938938,0.144364112542236,0.142757479908155,0.0654598106437517,1.14192421384146
0.112585110662497,0.165841230782487,0.058136844317772,0.0503098008217303,0.0299169028931372,0.0410736191376236,0.0277612860097295,0.0132505955852746,0.0221384586883139,0.0618711393973503,0.0142504801890923,0.0152035020080751,0.0415246730557925,0.00912298170182371,0.0271814547495949,0.0361134572418173,0.0413426230358593,0.021704035309095,0.0788795667619215,0.0615655650263001,0.104050588790804,0.115358326315431,0.233037596129034,0.0684800922379887,0.0265433075547452,0.0187379358066635,0.0529183157848307,0.0431016110085447,0.0474917282254661
0.081588609979956,0.215761118779322,0.0663648475741756,0.0191399801873108,0.0311896085637691,0.0611719458513322,0.38590461516355,0.206463146555866,0.0201584137816452,0.231715047389095,0.0165925911987221,0.00751878527592148,0.00960745311477696,0.0539751527352307,0.0174563134776179,0.0726047441743934,0.0559648711983519,0.069135838369604,0.159684671260397,0.0198052075387507,1.23096970132186,0.224523816989263,0.17994868774027,0.0774291890712727,0.0259701576100505,0.0300013378188154,0.0802471020880356,0.0342710893114599,2.83700992552892
0.0497434572317106,0.0419563220790812,0.0466189380809263,0.0510652391039014,0.00615650936517219,0.0147326920536694,0.110463412700234,0.0176967575502541,0.0766330067687238,0.0362245748237711,0.0317897784220051,0.0506969301141472,0.0731038177043599,0.0408821311900929,0.0392560775831896,0.0259962342410782,0.0621504547302571,0.0156198891471514,0.0240509595875159,0.0304054537147586,0.0567031536857503,0.0558857996256188,0.0543920032060135,0.0391016037962792,0.021903248663251,0.0286262478699291,0.0332918640109711,0.0612314568394617,0.0153169133090642
0.191253061006371,0.140784317324956,0.0421578768064243,0.0446036889491526,0.0242266714864136,0.0357264946628607,0.0654878242022696,0.0183988573298491,0.0798035188095729,0.072415188829465,0.037265938825314,0.0321011134998034,0.0379320540621049,0.031707990822181,0.0673407562069712,0.0303398639276368,0.0231542834385345,0.0325430035620217,0.0453440664566943,0.0341918494219144,0.0481546741523447,0.0499289902128761,0.0551692711212586,0.00996193640388645,0.0580564875864669,0.0284077609947598,0.0215202670788225,0.0523884541281311,0.107319446180211
0.126647371576425,0.0103441530106291,0.0346247260262295,0.0330622141617381,0.113516832046092,0.0804290095293355,0.0617100191731933,0.0549371573793222,0.0576040209817144,0.05750623588413,0.054716252368612,0.0473576871140192,0.0402493445475366,0.0330104781535489,0.055326808824522,0.0561906287297055,0.0164846170665907,0.0356155964623225,0.0320398222399093,0.0294552793685621,0.09159193399055,0.0561506129409559,0.080120678056115,0.0544425540826493,0.0551651979963716,0.0436596084436395,0.0480245786759226,0.122502505613816,0.116533433761394
0.404398418063052,0.158887945432912,0.127437902799708,0.161412999408132,0.228226752242221,0.0731598417290066,0.142603881813067,0.0584442945644568,0.024854440469289,0.00502561851658824,0.055033340254283,0.0564463872104209,0.0969545524904743,0.0511369887218589,0.0402456627775201,0.0629780620779858,0.0599682031542055,0.0691372097807195,0.106226741540575,0.0959277560216357,0.173660062298074,0.0905865557778397,0.246904958046472,0.0629402915988119,0.112395535749572,0.12773367012815,0.0870542887394292,0.0866235528977227,0.229315554904003
0.00765933199369719,0.0269419371911325,0.0372307448976468,0.0478317263462562,0.0526678384119377,0.0500737901528873,0.109545032458838,0.0531629933077143,0.0675531604909681,0.0768352718703115,0.00538954259307032,0.0216731892929348,0.0147626160225586,0.0345457836001899,0.0711329451908334,0.00921075623246499,0.084985690859641,0.0642085953566739,0.0780524684863376,0.0988228511834219,0.170214628763197,0.123212037827588,0.0179555932331491,0.0877196603186043,0.156358723299973,0.167280348658779,0.159861985378597,0.135146198664912,0.174037404086071
0.340783957825417,0.0764952496218243,0.0391553151549391,0.0191032015101076,0.0880654090081006,0.0438276797878853,0.03201913675733,0.0729951961796264,0.00789897112075953,0.0806661487871126,0.0433762524801645,0.0455234098518804,0.0498822496693203,0.0130164721660879,0.0169290049933687,0.0270071867763084,0.00502211896697559,0.0267461882216916,0.0480862418954012,0.0637911227032801,0.0699095397249334,0.10289784078589,0.149089217254741,0.0135404565059721,0.0594377789769385,0.0744716799806426,0.0540949227818107,0.0837860922052189,0.0825212235471738
0.0908551421456032,0.155402313983854,0.0857312230925512,0.0519067765814905,0.0787604612824773,0.10272679928888,0.0766978058695807,0.113475065697552,0.0477094129544128,0.0984796447947249,0.0724960773163282,0.0782935024183447,0.0781867082353397,0.0648681424670732,0.0875996482751639,0.098845956015709,0.0609585758296648,0.0271182145867533,0.0723340209099562,0.100719442926565,0.0949909370598771,0.0883195535568766,0.0672654844114859,0.0281812555811424,0.0516396235219577,0.0720979412611523,0.0620811092291394,0.083933338871452,0.0336842148916943
0.0524681664207039,0.0723387745727766,0.0894325690933751,0.0269503976582783,0.125205157608595,0.102208559987652,0.0749231898251155,0.0782391455759426,0.00882536289286241,0.0249912563121974,0.0398963835677991,0.0408019176162096,0.0481307177308136,0.0413868995083349,0.0581006672704303,0.0456725241826072,0.0447746173334062,0.0628329849989378,0.0304744017553512,0.0457171008443842,0.0552335492963367,0.0503811647258152,0.0468278981305628,0.0235309087992278,0.0463895898448011,0.0309927909440596,0.0419185529314194,0.0531586685118584,0.0890057524787375
0.325014539034343,0.113262795056895,0.119949407165185,0.184121506840529,0.351432800725624,0.224139301363509,0.118982880718057,0.141643051986348,1.06569873390564,0.0791352258206624,1.00534243974401,0.112029882182928,0.197304962811444,0.284532459123364,0.0634748449053417,0.0584997276279354,0.241014190245924,0.126255782033119,1.08133721019632,0.0750407430496481,0.376192044005751,0.152743896347927,0.325731836691027,0.0236684151393489,0.0589750343212591,0.0925621552740753,0.0264752616990981,0.0595792706202954,0.109755695333737
0.0217467993315013,0.0667776513590385,0.0222173345105056,0.0186794111366216,0.0228371555780987,0.0505639661203261,0.0517516749804865,0.0500996394074742,0.0529898814010659,0.0088536123124295,0.0153220304261793,0.0200999133675952,0.036108543629476,0.0115870743487326,0.0370416662826511,0.0548494006205283,0.0249538934915439,0.0483119610286727,0.0474929213212389,0.0149056870721854,0.0464134238747202,0.0782321676384001,0.0783757315604271,0.0315378175288342,0.0700322140899412,0.0410526337731195,0.00828811672566346,0.0397174033237587,0.0667155145605146
0.036730254387274,0.0267274862280074,0.019819838636264,0.0132949235320653,0.0767964366500858,0.0401442682361549,0.0447262084857991,0.0244534298005673,0.0339664682661747,0.0281577526564023,0.0164222519970596,0.0496473977098865,0.0475575410057835,0.0388014028048567,0.0756231693609981,0.0512484617181373,0.0422241085425648,0.019907160939869,0.0422514672162271,0.0449658830008958,0.0700402244565611,0.0723228186267287,0.0228376002680361,0.0333653564153756,0.0347227391857357,0.0428563831354108,0.0300865349009175,0.0273704789949306,0.0484172244293495
0.240454739504617,0.188430318496268,0.0663123716955683,0.0606136301519948,0.0579115199778731,0.0253438577360394,0.122010574089417,0.0473056442535321,0.0290293918915415,0.0545751164375454,0.0475966529414475,0.0479505657295593,0.0354461598994779,0.054798114433317,0.0732160696090108,0.072856457583932,0.0488372327014118,0.0721625505478091,0.0142256513208875,0.0181088351290865,0.0813220675239917,0.0530115963150209,0.0792991951069386,0.0141348192803694,0.0271339501177991,0.0396516672155675,0.0648487264380922,0.0612223736664249,0.262251670859898
0.0777615296097461,0.0800588644170579,0.0233119234944887,0.0820563659785046,0.0102394257118485,0.0461005711977447,0.171049538653045,0.149156385111577,0.00880867417989213,0.0903654443036129,0.0855491107070981,0.116440418681841,0.0255659765715537,0.00801685227147253,0.0570702554624509,0.0565207910133211,0.0799205628951444,0.0335727751307497,0.392999869929497,0.169179923780347,0.336806648826299,0.469018139273054,0.13080276869111,0.699777366719096,0.589548356355926,0.22880850401166,0.363841896442558,0.932927845664485,2.49541049461127
0.286685971086745,0.0940428344931649,0.0915542448088443,0.268796652796305,0.0256665591020828,0.228054711328615,0.0431438135392418,0.235912963608784,0.0798935297712071,0.0948041025798579,0.051944849429722,0.101612550727149,0.100890987407077,0.0821489608962359,0.061832203313491,0.0652525351434631,0.0497815399440487,0.0994588309540969,0.0522220650061197,0.127385811642719,0.164181807375285,0.120931808539327,0.0346020118969497,0.0235873943257057,0.137764605848311,0.0758253738639571,0.0312979084679656,0.0385736306986444,0.166573009441829
0.0669029381624364,0.0446379138605549,0.125778810435348,0.0503742163611763,0.0896607806527688,0.0354066964748121,0.04586500985299,0.053113523090127,0.0226581962756082,0.0633114873318821,0.0175089023255053,0.0169988821246936,0.0271178274398443,0.0150849593406607,0.053928951879097,0.00320539969911348,0.0144726333527829,0.0139575699864981,0.042908448283167,0.934254567624714,0.0931293786197475,0.0862579775993583,0.169865478780517,0.14737027054216,0.0412547128025662,0.145799651165991,0.185839057030672,0.116717203171921,1.22879682920845
0.0195936763266945,0.0247008027537754,0.0263239816152468,0.0917002018811709,0.0491944577938572,0.0379707518340413,0.0840065725833988,0.0510542134170407,0.0353965018079632,0.0587538322773074,0.0629720696114503,0.0311074196761102,0.0159261093444793,0.0385831615795956,0.0247211339444194,0.0474029919024624,0.0500165403119236,0.0475382679769295,0.0774744283600939,0.0307664843981916,0.116097102081948,0.10003753083647,0.0932685389939165,0.0788464164415751,0.0531114313235651,0.074315589669088,0.0488394612992391,0.0252736547643462,0.0895153078127853
0.0629080796455315,0.0495383437807274,0.106239860232497,0.0883080062046455,0.0695821865842127,0.0504250993864656,0.0698797254693331,0.0214356173190119,0.0211673928534917,0.0181657734669411,0.0255756502149153,0.0333894147573449,0.0425088428394986,0.0500306169550419,0.0505215645894946,0.0439486045717012,0.0111770139908312,0.00755458538389312,0.0297311712701411,0.0209085832719539,0.102849574171672,0.02415956161516,0.0127401256652615,0.0441575632650124,0.072396028809653,0.0691784950987938,0.0696873310112546,0.043406719412619,0.0104542260290688
0.673933302783031,2.07912342073949,0.653428804506928,0.0960459129005241,0.492440567838622,0.49396565746762,0.0397111128883452,0.105336382782976,1.1249194822464,0.0292020999660143,0.110052633839513,0.0810136050680732,0.583001319266731,0.556605319412906,0.0482067323735153,0.0330706331077595,0.910321220164742,0.0602508833717177,0.0625009411765474,0.0460959133520254,0.125465132594564,0.0627535634730328,0.185631332615625,0.0894826211626894,0.00277707691721207,0.0476081346294485,0.06831197165293,0.0885171371570147,0.152121658558037
0.0894751435654566,0.0762839297878841,0.106923409789051,0.0195527846671803,0.0891754357703319,0.0932634823257698,0.0996744672153507,0.0110690951839017,0.161917500435942,0.0641022163588305,0.173814773233543,0.0468132631127275,0.0896729906308622,0.0664841873985562,0.0223656928022158,0.0270243592827392,0.199137191038507,0.109064103609401,0.602774384722142,0.115706370799309,0.268156130648931,0.160230559370569,0.16515179519494,0.0824755001683732,0.038453837029362,0.0979122064728529,0.155770868096082,0.0934164666165634,0.0897216083281813
0.0621551012196088,0.0565693579938219,0.044611060379446,0.0189907898685196,0.0133557015874093,0.0271827179574152,0.0442283967886818,0.0669780126699611,0.0148634713458302,0.0501349864584343,0.0555498460738827,0.0581580882474032,0.0335238988553725,0.0290833866702968,0.0268482921319422,0.0361196415687856,0.0283382535919887,0.0187137284771667,0.0285352433901117,0.0617748581385905,0.0168495260191725,0.0119102526223961,0.0648002646573538,0.083714468150557,0.0542358396108565,0.0302184031130078,0.0477002328906414,0.0208969294456144,0.0449776248825853
0.039238476897981,0.168897050274899,0.156594410632768,0.00700364440388441,0.0526106893828727,0.0481979924936643,0.0482034694697478,0.0832440746975564,0.0203674784517369,0.0768842231420854,0.063428499995684,0.0974895065476806,0.0119856886370692,0.0557954982915059,0.0753184503955513,0.0573916777719335,0.10074747314564,0.081971050019268,0.131319304080976,0.151983348454817,0.255454514169524,0.092747583486166,0.160610342530046,0.0883692583769674,0.105411394836832,0.104718786726017,0.0434790730405475,0.0223178454612771,0.103481867633033
0.193947778934682,0.0474439231954199,0.0207270161161391,0.123789027420285,0.104802364396819,0.0750907462417046,0.0225192962492738,0.0332882345265112,0.0258154123001221,0.0193089908533869,0.053692767365877,0.0344675700618852,0.0417030086368219,0.034975643124377,0.0143923290955344,0.0664226998446264,0.0501357370028539,0.0409245665950206,0.0819707971344044,0.0597063509676715,0.167196654564432,0.168231115094084,0.025679999038194,0.0256918254884583,0.0161188691846455,0.00526318208160262,0.0522858835161572,0.085521036355023,0.0826531841172981
0.0728043472294041,0.0953779092392784,0.0667110383096955,0.0467782484693454,0.0648715083927641,0.0522732698198377,0.300527054694533,0.0680196151636787,0.0393638198506743,0.0316654942348111,0.0138926594533846,0.0700841243153889,0.0273782374725069,0.0151017565435717,0.0133409874672223,0.0286671902810654,0.0314136446267459,0.0348698921702933,0.0149834496251004,0.00444563464444301,0.0605375820784873,0.0258591380544038,0.0396678096592393,0.0332087565013298,0.060453794344388,0.0505254774685022,0.0710019181794335,0.0432263438228736,0.108088545136945
0.144890141753913,0.176557715084348,0.0145500039467385,0.121526112203735,0.017720846204892,0.0148693493684008,0.0364206183887784,0.0212521531697326,0.0563519116198023,0.0694024019532324,0.0638944950369486,0.0578105974382319,0.0403086085510577,0.0489787842791521,0.0295840949740697,0.0558527407431096,0.0271638464017836,0.0474978414447314,0.0563396375067014,0.0704521478377629,0.0200148573303067,0.0274069261469321,0.138323042208242,0.113479890163505,0.0394188847257331,0.0332297978864655,0.0801915335286719,0.0534372597403898,0.0662208245206707
0.131466727339126,0.010653024800381,0.118074959856098,0.0466380598485626,0.0502015447112273,0.0353988935736295,0.0106188175882446,0.060129061297415,0.00817209935988431,0.0427505666029095,0.0491527100342274,0.0378675941751967,0.0303001136951023,0.0258415391123201,0.0463975075994359,0.068831542086298,0.0354709465109677,0.00681667146342454,0.0609151921205507,0.0919800710975871,0.0235721369905152,0.0500097756152609,0.071058097180151,0.639841881061708,0.0279013403826372,0.0203144292441008,0.0276535725468849,0.0190445673864732,1.32592454691549
0.03981897688419,0.0707314827724127,0.0249862974182254,0.0216100135023334,0.0456244944893297,0.0278847826979121,0.088625485288357,0.0926923821409366,0.022058620458509,0.0387075784481646,0.010374887048537,0.0472223108433661,0.0607450928609413,0.0428667029224964,0.0296942816014329,0.017623943864171,0.0550642293541296,0.00554155457097625,0.0536270162071481,0.0382771904847073,0.040611408943435,0.0192933529264009,0.00538592778197189,0.114740786284871,0.0496319667424028,0.00691894661148364,0.0494162886705578,0.0448212252760451,0.548140231706669
0.14106562630387,0.0578834437072082,0.0675754644140711,0.0188854550469485,0.0211963269785983,0.0286397938917244,0.221641321481327,0.0447679871438365,0.0420805021372306,0.0148424825700483,0.0371796321714313,0.0295395506756914,0.0570632438511069,0.0379171661851372,0.0502264534686704,0.0718776809396507,0.104666520704204,0.0844750354431153,0.0649767449148818,0.0322623392683529,0.0416579408939912,0.0136183759185508,0.0192133609998293,0.0571535668993249,0.0919039747560567,0.0648814486369204,0.0797123870760636,0.0993871300052494,0.0852114421862224
0.0479569708815136,0.0575919764290019,0.0801004782591996,0.0788306725971955,0.0369737850881686,0.0232400345132897,0.098284660285962,0.0805606838161987,0.0757580003437993,0.0353440399504734,0.0307864632409087,0.0225881079048689,0.0226090834308304,0.0593740138676215,0.079223391886936,0.0666640308486434,0.0526889283667536,0.0354093042762429,0.0420578170977729,0.00918640657050608,0.268233306169812,0.0482873585964135,0.104037482579007,0.141287329895739,0.0849356138135973,0.0682841495033509,0.0378309991574806,0.0688145672477346,0.0621487068342945
0.112272910520896,0.208153262524507,0.126257738173204,0.0526735767033742,0.0524359323221888,0.0607279497410755,0.0254674917101029,0.0399963325943977,0.0639703524130819,0.0286835717391053,0.0687333257256509,0.0463846620870048,0.034296533419961,0.0256320597731376,0.0173331051429004,0.0274959732512748,0.047386383306342,0.041370171130912,0.0184921794598542,0.0222521103334942,0.0700335454889364,0.107488596671633,0.0546353167571613,0.213450571368947,0.0444702790382227,0.00722416653422963,0.0333802821757324,0.00701125765867181,0.0463635321432584
0.134549452515195,0.049292855524862,0.129523728025592,0.0652248569575999,0.0384796502818376,0.02297268793593,0.0915273682961391,0.11223600607977,0.0940376185872004,0.0312040111648009,0.0398343453583678,0.00470436776123009,0.0467610114367486,0.0809206385603957,0.0362731765336093,0.0462099134258519,0.0633081026907535,0.0790283367532414,0.0299898308973728,0.0262381838277358,0.217424805425041,0.121778736674653,0.0437487581034573,0.0673364831642795,0.0444098566423736,0.0337563162628256,0.0501777315589281,0.0536976403153961,0.0300830930649862
0.0798205312136168,0.0416034817978273,0.0720810018053348,0.0482088971134502,0.0475181684607305,0.0753836980766408,0.0244860575581527,0.0545848702944315,0.0917987941237808,0.0171535746325367,0.0772282032238027,0.0460186852321458,0.0611403373659137,0.0790468942624065,0.0415971786953551,0.0180594056103287,0.0952296647204938,0.0903712739827615,0.0542778447908725,0.0403239546933836,0.117460779091829,0.132249892922859,0.160208363494883,0.17317933381635,0.0710394964400917,0.0758162017740059,0.066937450233461,0.0526010333802563,1.70292631860406
0.155278040509295,0.198642549671825,0.0561504240650905,0.110959122139504,0.0655383379670571,0.0975266589770822,0.0892047558789149,0.0820000463810576,0.0847847914453073,0.0337893409982791,0.0260761848956649,0.0627192570053437,0.0440790152582702,0.0506210698957032,0.0609362982547524,0.0341306349313866,0.0629095526952823,0.0616730701981402,0.0317608422179414,0.0535930946859688,0.0792222590868572,0.0243729859170925,0.0599873914259938,0.0324719429229176,0.0905097993859647,0.0419026172295282,0.0213679741390964,0.027559324317949,0.111186629208585
0.174899222157091,0.280834620557825,0.0314306484765127,0.0553508301911258,0.035465565537351,0.0287993317965332,0.0260023013625044,0.0247121632731521,0.0391240206450253,0.026089593403441,0.0138634857064043,0.0637240638364146,0.0460088902708617,0.063739026556264,0.030527355894166,0.034911492367753,0.0311414248430789,0.0510677327937274,0.0496335599417418,0.0444611660133222,0.0388935177299715,0.060147212674673,0.00428699951566096,0.0382435700790102,0.0313748129943754,0.0647602518951943,0.0506678082238565,0.00903551173004626,0.0411985212439099
0.0935694085689269,0.134048834169748,0.0270581006625918,0.0661977956612313,0.0455353828871495,0.0277441140004442,0.127502551457565,0.0944474739110939,0.110209931269457,0.0340724690130426,0.0450621587936705,0.0771964131768988,0.0693791726469739,0.0946448642945999,0.0132837802788367,0.0121807862276278,0.107579163910629,0.0451819834739246,0.298853307829814,0.197965889811113,0.173625810765503,0.0745091062909314,0.157214458721137,0.0312900481181947,0.304843018254013,0.149775316956101,0.19297827151675,0.1764900822888,0.405606695698059
0.294107333467618,0.0940877778564684,0.0979380752559708,0.0338382247184362,0.174974577400725,0.157909360281548,0.0670762751530529,0.0433015402567419,0.06574470641368,0.0291348520338644,0.0788694036483474,0.00898342482130816,0.0683605858938499,0.0692549120605735,0.0356668797114864,0.0178294703618146,0.0633739839707754,0.0208599810353475,0.056512623875979,0.146424777106139,0.0581834033987084,0.0684412449853253,0.183700062603613,0.171342628549538,0.0522964338861362,0.0529590683369302,0.0702724539314607,0.0429909249469813,0.106546262551705
0.257141874830141,0.170311544358971,0.0592588976259679,0.0833888551410777,0.110215468751094,0.160204415019276,0.0954649115641502,0.191616104812168,0.0287153466024159,0.0584290161947708,0.0332230030739162,0.0820946176312737,0.0123373990648106,0.0214555483276157,0.0577336061238165,0.0726721386274723,0.0200870726061206,0.039707108368865,0.0234368621527755,0.0739222628879581,0.169817175867861,0.0794237805945944,0.139373747122268,0.0624689499458303,0.0531323940909884,0.0221445216525782,0.0436472185756442,0.0672440153613182,0.175851013641794
0.100249825463714,0.0684698875833547,0.146998423231787,0.0659516452628974,0.0790629281072467,0.037397841178401,0.2388394314794,0.126079353310829,0.0284899069044723,0.0783838070204615,0.0369633826426674,0.0714254838415487,0.0292864252454889,0.0185612356655295,0.0247175171165507,0.0615571569589995,0.0781972150161262,0.0537588504346662,0.119045678613323,0.106526276114517,0.183051526429369,0.148604010643439,0.0771054115646914,0.0446988405510865,0.084974835957909,0.0606947678373922,0.0521538818599638,0.0353906005320938,0.049481596767667
0.193628482068346,0.143379680937013,0.0469368949867221,0.0335386242244702,0.0409406389745644,0.0884197651450759,0.0448627764358162,0.0218293889783548,0.0196999930916286,0.0089319655740169,0.0301927685405748,0.0346664249185508,0.0371176970620731,0.0502291623859136,0.00939737539252972,0.0465178756350777,0.0151039022637183,0.00899095033121827,0.064705247924135,0.103184808935849,0.026696789141021,0.0532667579199831,0.135126305887126,0.0812186008917698,0.0391909504363209,0.0546536394194093,0.0686221641120338,0.0739849437717185,0.184597230636883
0.204338965118964,0.175498469683264,0.0561561470461747,0.0371860592032408,0.0643128637413679,0.0777796913429657,0.0537607953548607,0.0309084160332644,0.0824819494842949,0.0467020181711224,0.0989962554390911,0.0413009747945169,0.0805437992918611,0.0886507494059314,0.0358751969688682,0.0855856366778541,0.0854100844555387,0.0520537890498911,0.0461512863386383,0.0652246456882763,0.0589067641490564,0.0565799208048656,0.0549855627507861,0.0488568850825206,0.0298203842670686,0.0469322759848301,0.0354680987754978,0.0185613605917079,0.142342179799393
0.0562636137614143,0.0575759363773385,0.0756236394581725,0.126520549757161,0.0774624748015387,0.0987017773232686,0.0394054132489973,0.0349788636261508,0.0513576337719518,0.0448783329475218,0.0223443352646991,0.0347107906271646,0.0786752306276962,0.0845168552607044,0.0449626658543422,0.0273367941240265,0.0622030626243468,0.0423101380195009,0.0722033012696102,0.0475513115753298,0.0472855435863917,0.031612078386704,0.0378621768820799,0.0348452706744708,0.0416494456849838,0.0449785712378167,0.0564489019161558,0.0457412181136135,0.0284659062898122
0.109069355801062,0.0712166598042604,0.0707999777599481,0.0459571241591692,0.113906154152437,0.0426361056775922,0.0937722691391158,0.0587664472864558,0.0661426903938638,0.0481529005951541,0.0254780469083068,0.0200190392218705,0.0308306685627448,0.0510035880604595,0.075891687988208,0.0404798671161502,0.0333835129801834,0.0796895508312201,0.191454740841359,0.293831352032998,0.200550219431988,0.197956994485589,0.952817338328577,0.211827000021065,1.33587337619396,0.293545602940761,0.257655580516695,0.331787832541836,0.185888813948839
0.109160396035186,0.047966995570526,0.015670345536488,0.0366163387028525,0.069668815866609,0.0311898529456026,0.0481237186358074,0.0522217325689591,0.00841970644811479,0.0293347477464556,0.0431602677924908,0.00512434048755816,0.00605294450046102,0.0515962179745435,0.0390896633536941,0.00455083583369335,0.0827505356644653,0.0659415650959839,0.0912674692909446,0.0753449008415808,0.0688146964221229,0.0451463794023103,0.0801311734735156,0.0652471277521019,0.0567286544982746,0.0425678871378279,0.0316867904066287,0.0600191629477521,0.163754047710555
0.233807083845568,0.0670840082073599,0.146943826203276,0.112249194485434,0.0234843789671525,0.0312739612283512,0.236265280999007,0.0463295218798458,0.04707833395098,0.0732023724395577,0.0221979278045983,0.0272163946221708,0.0105586271282973,0.0297803501945957,0.0304097569020764,0.0476553276058653,0.0148141546487737,0.0171173110926987,0.106186102082773,0.0858942050370956,0.0613964248559618,0.036283922730809,0.0812824375158481,0.105277148291862,0.100633834388531,0.0660054029627626,0.0744653028266381,0.0769432345795675,0.174868185288454
0.0214753527383099,0.0487789725776839,0.0319371833226169,0.0261451371893515,0.051696089791879,0.0402572780257848,0.0339899055368472,0.0678679023822969,0.0873815211883572,0.0338939088074276,0.0600128684855818,0.0888349115468984,0.0898818064592906,0.0344998838748089,0.0319982656834744,0.016131736368269,0.0816204114436396,0.0355015773978962,0.056269976745988,0.0240493479436818,0.0763876211386338,0.0549918952837345,0.0852025897267986,0.0248957298277124,0.0871682846505176,0.0593213732024379,0.0220330264763741,0.0115482052035288,0.0291181582657425
0.237221000463037,0.0894681014236381,0.15210171594703,0.0322467242915274,0.092759087861348,0.160540506726579,0.0918567325992279,0.0362390440750076,0.0855102789443603,0.0536586721042643,0.101538774447079,0.0371657553662198,0.121738346678962,0.144458399271576,0.0683242664250869,0.0850131873281612,0.182646464846094,0.0997569648051814,0.0150650173055589,0.0805597080178746,0.149945005278332,0.117010629595818,0.045039847266344,0.136840594216879,0.106276721031157,0.136919350486142,0.118724763391931,0.077059342120335,0.106480576510056
0.0524418656151599,0.00930420892820022,0.0146746435455512,0.0934783096694529,0.0882715433399702,0.0466701372196892,0.115533826119897,0.0965052140728005,0.0921173589944896,0.0718175038909268,0.10394187822198,0.106273797474164,0.103180144095052,0.117533574769717,0.0830274828517918,0.120037605763793,0.109151654322662,0.120673979215947,0.940553160828379,0.741657827392916,0.273682239658052,0.604286208959425,0.0635954056024041,0.180481368005665,0.101151560194884,0.120716214625174,0.109248339001009,0.103111506070539,0.106813049412889
0.0806411627398396,0.156566924857732,0.0180235213305114,0.0538610860630048,0.0151341905191647,0.0458911767933809,0.0864108832468807,0.132619731989329,0.0216415117000534,0.0411088674775234,0.0358227247647991,0.0192322424811844,0.0247700988110004,0.0183043453589373,0.0210012584604577,0.0843768021355394,0.0471483658718665,0.029137914562533,0.124442035670192,0.0785838640051005,0.197758646898129,0.284364046451923,0.14788262141182,0.0877930417959367,0.0567720240259377,0.0974806839924526,0.0989313784918278,0.135137375131879,0.147722517640296
0.0870191613255467,0.123108482760749,0.0122130742734812,0.0173669273860125,0.0489105098626305,0.0481353539526172,0.0448729776922287,0.0443849747297306,0.0147945663263142,0.0507944118837941,0.0326341477263177,0.0733192946359561,0.0375008941619429,0.0389361322215063,0.0381923242433872,0.0402742056776175,0.0297906477292039,0.0250976900188725,0.0973729070641391,0.193783083115723,0.193497131383301,0.0467434060806139,0.110439265261283,0.0927467912101828,0.150179363946596,0.112209009879546,0.0975458583564406,0.0718581722751628,0.968252293547532
0.216611654495431,0.0969237767710525,0.142738172151896,0.109939581472145,0.196575538908542,0.134573544205182,0.0941962301446046,0.0987873913980107,0.140340337295785,0.0933024412939253,0.12991527945072,0.0582796706968241,0.131236581715019,0.154613127847039,0.0673443439552496,0.0229312512178677,0.163401227567242,0.0872743817181404,0.0570219756048325,0.0474607140850176,0.198889840739271,0.15930247178336,0.145114967691741,0.0715856772876352,0.113902893310117,0.0625193817179545,0.0807111840620211,0.0624617644911738,0.113564823707504
0.115404432613202,1.38175171477774,0.766514361142174,0.687190386674106,0.148776129220919,0.184585774135886,0.164780917433415,0.149613595991547,0.154880411653865,1.31537760224076,0.328446662894855,0.818243861133324,0.244996180214268,0.218181416789547,0.0124540065460238,0.0998360350679706,0.718219663024675,0.0519421044922728,0.675122356913077,1.07635376632636,0.685857800430715,0.533499295557235,0.693397500366851,0.275865766970592,0.334672309881658,0.293177077117676,0.270976155332691,0.865304414984798,0.265741145227688
0.160467637074492,0.178891783362624,0.0198513481100827,0.0533724532156126,0.0513020833982669,0.0662569532617424,0.0410726539930179,0.0437941034421003,0.0275391560320853,0.0118303366409759,0.0578756000237679,0.0745131329980388,0.0315410541871183,0.0271147211296252,0.0466269796087661,0.0451122253961583,0.0252961319249814,0.0346474217304399,0.0159311855483203,0.0232279380798402,0.00971803657532004,0.0189137256733432,0.106052236510066,0.0189518380239571,0.0600040556317747,0.0529128890999542,0.0408949385082666,0.076743588901763,0.0221491129346509
0.237088433733783,0.0862916984320423,0.125160838192604,0.065821392683061,0.131086005158266,0.0895802228025264,0.110521153031955,0.0792180576386466,0.117449000210913,0.0792225667778845,0.0468347072892465,0.0615292949100673,0.0445475571196588,0.0333863975558769,0.0565521185898075,0.0480349439986157,0.0456726895320122,0.0712755003825103,0.21384145437985,0.213526069516464,0.409393475236679,0.319829526738922,0.326511228069131,0.078602199534282,0.159165005986561,0.0922790494271976,0.0485979698167667,0.0996356938799062,0.58607703292902
0.182738299691015,0.0100104175508968,0.0207050838577418,0.0376678150316237,0.0293174457609745,0.0569007479873759,0.0470561080939428,0.0329809618890031,0.026021794987061,0.0134467554611174,0.0328820483533991,0.0544755437362382,0.0412108100105921,0.0314465005675423,0.0479531342359288,0.0398093098644744,0.0135989734760852,0.00617040936231454,0.030194690046916,0.0613154836994957,0.134683583696106,0.0439515412167561,0.0412854076349729,0.0426590476037133,0.0122211144660138,0.0349901029897026,0.0109149109518679,0.0270509210701984,0.205004622835669
0.334716598595539,0.0936594328110791,0.0809358499275976,0.0288392381144916,0.0789121375418494,0.0605582041819474,0.0864862998901812,0.0475114985593038,0.157006546761133,0.144808885147976,0.0934513026433319,0.132048171084903,0.127595617123842,0.0941279914316927,0.193402101354629,0.161366599267039,0.118878571337953,0.177303099103142,0.0543390597331556,0.0482176652071095,0.106870102969451,0.0673453983700833,0.264365750794212,0.340242199926785,0.0293865333523799,0.0424694983125225,0.0339417239395049,0.0217389884078262,0.163175669991518
0.126914934230703,0.100214200316897,0.0825992717953669,0.0755835186069077,0.0908355911649665,0.0527023445285913,0.0614913362004439,0.0517466196846229,0.0456812615892916,0.0880957796673212,0.082570854528505,0.095089722994057,0.0583674119068575,0.0910266514083614,0.0736122002209878,0.110111024977446,0.0762543052290857,0.0540874423317129,0.0206026971738193,0.0478068716259127,0.0196207944480788,0.00783861172842229,0.0425343110949906,0.154357552016695,0.0233712007844965,0.096406227385755,0.0248214745830396,0.0737811887504211,0.0731154865934664
0.102619016104682,0.0592815586471581,0.0395652557257988,0.072167084003246,0.090456798605926,0.096331728913703,0.105389355093649,0.0284850477064557,0.0565786939342708,0.0262465583401955,0.0202436633187968,0.0115044402523454,0.0326379416882928,0.0520909476000061,0.0186361283079788,0.0371986543884616,0.0512132787168758,0.0306085737810733,0.0405205398484779,0.0122698534398897,0.026145618411889,0.0340697049158925,0.0211149228008147,0.0457980156967004,0.0378069170854601,0.0268218143947454,0.0493138842420125,0.0138734151056925,0.0567470981160334
0.0630440647080668,0.0510898179119686,0.0884727223507078,0.0701253506276347,0.0790564546726298,0.0762873251464371,0.0406154825821781,0.119808572497991,0.0572755735569658,0.0205652538092802,0.0231598268522015,0.0222294373205957,0.0536467351413258,0.0121964334816717,0.037487546962897,0.00485965562513681,0.00851886508004352,0.0339590134616474,0.10287037188678,0.056843106270824,0.0204172561017426,0.0144246192251215,0.0652592080340846,0.0701515573294904,0.084461673587115,0.0928600287603517,0.0906038339723162,0.0936789449941464,0.0337918755130522
0.103342374383043,0.118602441512196,0.0454544442401012,0.0587968246119536,0.0368946571225144,0.0299191842720317,0.0975506484329498,0.0647783528379901,0.0198857837884954,0.0725340926481419,0.0102647006819643,0.0944109344828731,0.024128590158706,0.0490304777778622,0.0653324350359229,0.0449562964037293,0.039810348320113,0.0761416443843899,0.0954347983708363,0.0358198831961931,0.0685025701154268,0.11128577929428,0.146447039841383,0.163467183112496,0.0247750684314981,0.0821250817077237,0.0344060366236576,0.0646688954519676,0.05259903335773
0.0232010145589471,0.102242932589265,0.0304875208309777,0.131569528117736,0.0253131681098912,0.034797438209002,0.122485914206591,0.0680516959440513,0.0804299330894522,0.0514716379312258,0.117759673014779,0.0131505252675606,0.0735456038713912,0.0949799558824273,0.0247124369626286,0.0168369478305872,0.0466940671080977,0.026152792275518,0.0548622573027418,0.051633417039684,0.155195564414188,0.15482838995079,0.0537527432514183,0.0488260764849143,0.0989791412950064,0.0490002615084234,0.123315578764394,0.104816561247513,0.986262314024382
0.130649240339725,0.0176582394540666,0.0217713451328715,0.0747850594022644,0.0339153911553701,0.0374530673067214,0.118775531115202,0.0386552961972141,0.0881015984202717,0.0919230507762268,0.0704388302003383,0.0981506129316323,0.042175438977537,0.0720347199810477,0.106443418092703,0.0897143893571493,0.0266756137728559,0.104200159797035,0.0596885578565085,0.517853775758732,0.09963847208343,0.0180530859965659,0.0225192516921388,0.0281443840529678,0.091561681259982,0.0604757369408568,0.0658332219051253,0.0766653006815267,0.0655760243374735
0.0286427597502943,0.0652516887376584,0.0404810661110612,0.0250001533089508,0.00843914903880317,0.057206745054965,0.0396013114447099,0.033085320639505,0.00468653354384433,0.0332573626892453,0.0685866111286127,0.0276145640924549,0.0486255592720446,0.0319661379175845,0.0236576892878085,0.0259988278976914,0.0487253534057266,0.00778434202090636,0.0551828210383042,0.0178566442652889,0.053489656774384,0.0722565931873375,0.0672252795492365,0.0647252476170933,0.0649645113763384,0.0325330947390586,0.0121894534653835,0.0497606063002042,0.0546661943138143
0.0214704090595299,0.0729246103689752,0.0449858230909218,0.0902020673496442,0.12849129649015,0.0883151585338467,0.0609988233537755,0.0388354815878695,0.0115509996089766,0.0334163243482406,0.127633657704881,0.06756062206906,0.0739187035949049,0.152586813314851,0.0587674696210016,0.0272453859039464,0.0415650801555433,0.0232464742846516,1.07727053034943,0.210670420293386,0.287825477802087,0.177438521263882,0.243012678655341,0.0534962563383298,0.0635479571554333,0.0746076781014438,0.0355139217753543,0.0490718081137147,1.1143846195844
0.051678550950927,0.0496846737175521,0.0434500479056527,0.0302154251742527,0.0216716331726012,0.0360645162654834,0.0774924860049629,0.0381500595289944,0.0728873459081005,0.0381486743821259,0.034538677862654,0.0328985053891568,0.0189075240618837,0.0368760694474531,0.0210570909823699,0.0300845551059867,0.0179472443710704,0.0151942315190961,0.101633250668469,0.0407755321356804,0.169351193317418,0.140730282583327,0.0141964940375919,0.0558731293915651,0.0925098975148969,0.0626443330345544,0.0378955651974898,0.0660737598760001,0.110561557321001
0.148009413739045,0.141735498234277,0.0533090385226857,0.0238491835335122,0.041542283498682,0.0844371561914335,0.0612281613173271,0.0869536937744447,0.0192018142233587,0.0153924964796662,0.032812881757884,0.0684945114594967,0.0100679540249698,0.026693813804065,0.0196676650377989,0.031794184300184,0.0145977436619641,0.0188048393374789,0.0311826772326261,0.0316532974158598,0.0741854919562954,0.0427716346403774,0.168295947373189,0.148356160759338,0.0523949935553876,0.0509591719290753,0.096379514639898,0.0353163390041171,0.0543841497596615
0.126761641541357,0.0874253079819519,0.0303238545838521,0.128444075017934,0.156516900448375,0.0489991324342187,0.0972829397168663,0.154248887109563,0.0183928110441569,0.0272321010368188,0.0705746329113309,0.0542683575583237,0.027830436684924,0.0115651028643813,0.0396905578692036,0.0518146449208911,0.102955340939654,0.0529673747815098,0.0805956184842835,0.0928178850972052,0.0465156167483324,0.0285051159358211,0.0384435628206076,0.0564864287250522,0.0599683374103801,0.0519281214684789,0.0120507221630862,0.0209817920225587,0.111984842997972
0.871646374045396,0.0659722484521548,0.0213805826981595,0.0425483733429153,0.586636464073493,0.0790818926525528,0.0577626129234841,0.0469374639848877,0.126079370549548,0.107653690530188,0.0539211855644345,0.10702255441486,0.0976658422089113,0.115466014130659,0.0765270132428007,0.101343341259439,0.119574165635223,0.104197706143779,0.0935555742476757,0.0665062783367634,0.0230575408529643,0.0389639232760028,0.0479715849240951,0.0194988226628538,0.0106958079700795,0.0460046380968082,0.0277248636352103,0.0571699852473301,0.0904138872169761
0.0762075996940818,0.345818966002463,0.1680982960675,0.207205127750914,0.127628586325861,0.149179889988754,0.268509275998817,0.119542511632039,0.0288397681675085,0.0207463435139451,0.0747499381644896,0.0629434317785138,0.0562857774615596,0.0364853233585027,0.0349923382358264,0.0305507781669815,0.0722750689124767,0.0522195194362233,0.065039567853451,0.0343391699971316,0.0490906478607318,0.0723072198793825,0.019444917597672,0.0294624151767701,0.0281652214492705,0.0891936099451074,0.159540026801541,0.122877774782757,1.16376148256037
0.0469727261529264,0.195111647159282,0.0318532339832973,0.0549863192622102,0.0557117071588252,0.0357497692828162,0.0246894066531873,0.0267139367311164,0.0236285740489805,0.0781198062687507,0.0361930973151215,0.0473955573122951,0.00300033508420752,0.0232183766394477,0.00915792540337607,0.0343095699548542,0.036759592789656,0.0392041045797226,0.0481033597984853,0.0310020468258198,0.138759773758178,0.0707691316697935,0.262208277944884,0.289376351940963,0.0828681336037973,0.0566157064917347,0.0504883504043036,0.0684503299913786,0.0304832132482339
0.168409219638974,0.0234245711440788,0.0238043305611577,0.067313494568974,0.0385228709089086,0.016749173931419,0.0324447018255007,0.0548344281613062,0.0862277609072388,0.0557991627617277,0.0406320812362141,0.0391636652510006,0.0718605696170003,0.0517957633502478,0.0329005537527329,0.0313980098260896,0.0566844910858771,0.0155772354770121,0.0574919912452417,0.0154724292328428,0.138846431541212,0.101379193513373,0.108061827332803,0.0542777221657728,0.0419737082437415,0.0322337898577511,0.0187823739758967,0.0326173884475786,0.0206799294007483
0.0569887918741301,0.213637496473791,0.0586372618003421,0.115194310834083,0.208069946155825,0.100427566089441,0.123386104641568,0.0406996668000661,0.0434378902659753,1.20848340023419,0.0937965358104261,0.08631114837166,0.0375614474210272,0.0461737952335716,0.116125055632112,0.0756748756027745,0.0179852976565251,0.0913320688536067,0.0637178687721636,0.0752992161446479,0.164575224140991,0.0869198887670147,0.0766855244028299,0.058145981446237,0.0827705737436989,0.0439113804485572,0.0185791427862313,0.0875961469295696,0.133425418267655
0.13382955244688,0.0513234958152069,0.0351174691626135,0.0287857440594179,0.0133113541481335,0.0356052663492581,0.0109148155387703,0.0854862311034451,0.0369734860983775,0.0351336150931424,0.0386684526743624,0.0249684110583521,0.0586693010463901,0.0328229381167896,0.0554180235789525,0.0396033845545511,0.0669266644382891,0.0670398518595983,0.0550857019097111,0.0434938334068025,0.0349567037440342,0.0576771711975497,0.143165237146457,0.0829142705715311,0.0776077707363343,0.0854441075399261,0.0740441108478792,0.0805243710283582,0.0209348527605362
0.22164954491394,0.0703390854456034,0.0732630025524882,0.058626176290946,0.0572778703002387,0.0398696515946062,0.0532752424272202,0.00299543705495416,0.0562094182888607,0.0292799202346115,0.0524875375871803,0.0742323396271313,0.0266309792545916,0.0396964137897594,0.0444486675905516,0.040518217953687,0.0169144280087293,0.053782588128595,0.116882093311552,0.0607641120910826,0.138047625366883,0.0580085602762617,0.122268207699526,0.00719363207049822,0.00926972960759103,0.0218206811493032,0.061212468003953,0.0520805991607931,0.0219723679515456
0.156726660155829,0.141821143301331,0.0793911964081059,0.0500138531932469,0.0330565385511423,0.1301251162489,0.0407256198626666,0.04074928162644,0.0299314658979294,0.0188178926696032,0.0200402087458326,0.0155043158081472,0.0102774944529665,0.0373163944606912,0.00827861310577126,0.0787451251703394,0.0307092343018931,0.0332236580489361,0.0704583081039728,0.117050958975146,0.129336771381806,0.139533468347405,0.188016638869499,0.0958924628350237,0.0129781461636064,0.0536350201166733,0.0278767494872281,0.112570892397822,0.0604899817787558
0.0427522348856874,0.179770839438208,0.0151034441901789,0.0912205427631808,0.0586436572649564,0.00512112352226677,0.0560837607623602,0.0255358480848941,0.0638530110647082,0.0342012244275032,0.0265282456239738,0.0413005229324382,0.012104951875423,0.0563407266556553,0.0203352550043751,0.0240511363384055,0.0769992851097635,0.0265644722455056,0.0689823904752711,0.0250193089306331,0.0330130041769348,0.0506141387328917,0.0194345306017754,0.0261159734643729,0.0704229342188318,0.0195355215913418,0.0438680533364805,0.0389204696679194,0.0252137423694282
0.0226604734737558,0.0665045987920735,0.0409266396133796,0.101769837893917,0.102565958953739,0.0661480382397025,0.05583641960412,0.0737029410903328,0.11155158702891,0.0634149241035815,0.04042723853827,0.0355132139004049,0.576501428933052,0.0915097928145155,0.0194226693433083,0.0614212806733254,0.0627193039651469,0.0420530709854745,0.211889087269321,0.976437297121531,0.241121279895511,1.04733371916707,0.420287848450927,0.236013955139482,0.931061464220021,0.813638759368554,0.956898322285351,0.395511375040469,1.09858068579379
0.171919471704012,0.0855257472896857,0.0132436265026949,0.0554562848542074,0.0180251281574849,0.0350012074534751,0.0245637230970979,0.0047232834103061,0.0846898248698077,0.0307454140509048,0.0207443725580698,0.0400528068533017,0.0590978466440506,0.0801158383016926,0.0423835722736475,0.0445054951979934,0.0841673750377338,0.0706449416465558,0.077408808134936,0.0554044628189998,0.190549676851443,0.0854279064207697,0.123669898336845,0.0971868622043916,0.0302637551776063,0.0555627896711653,0.0407019024566378,0.0105301924118324,0.0710219706396335
0.0479823358177903,0.0495957835774648,0.0371329196512983,0.132063492972754,0.158076135499145,0.0588493185869719,0.114404115279475,0.158735626061437,0.0386986625324376,0.0551920862011102,0.0689611658231759,0.0546206311548269,0.0409608831370666,0.0558480401783235,0.0844043128543077,0.122836878763478,0.0158397526546694,0.0800900699973445,0.0783040177759111,0.0598683630850541,0.178044468911472,0.0868527325925079,0.0426319107663957,0.0420449861788171,0.0269189023550736,0.0526400894769266,0.0526490986747524,0.136563402547055,0.152762458251414
0.118095409431347,0.0575136045805279,0.0405445750074335,0.0171447776757259,0.0894482012965353,0.110884047302022,0.0372320602795795,0.0381431402533724,0.0918967092169333,0.0928379857938879,0.828438486386444,0.0191266628146184,0.603634753221648,0.141004978272866,0.0215270785223552,0.0567082929571207,0.118246363867432,0.0536323035610303,0.188644397355665,0.167029212306486,0.884450884402645,0.198437290145096,0.439914497584784,0.244831439652384,0.205166754458023,0.602369165807972,0.733026945077331,0.219404435148946,0.27122225250082
0.0954797542297987,0.183403768520081,0.0807468720042351,0.0467483613653713,0.0650281194859312,0.0918400745454723,0.00206913847403658,0.0616767818425387,0.110318981510855,0.0506912547369606,0.0648107231688993,0.0628227203456251,0.122068774516401,0.112540500646362,0.0564910293377804,0.0824346802865201,0.16094694890106,0.0735273239109332,0.0900571960791242,0.0727736635314894,0.0578469758051577,0.0431919408991869,0.0556069267114373,0.0810862187824613,0.0252220601179503,0.0226278980392239,0.0483260970680928,0.0344301768568992,0.0502803214147477
0.0463700707513641,0.000795408785017249,0.08554895908808,0.0969306411697308,0.0336643390166357,0.0112684923956055,0.0562794348242065,0.0306195503391192,0.0214638645523374,0.0196392724229568,0.0726473585910182,0.0905149821374663,0.0122416711194509,0.0262396617343293,0.0281047536005803,0.0422315155944554,0.0476986045064212,0.0316977441795627,0.182387759973328,0.048174737880946,0.178965181003363,0.177598988252226,0.410185100498885,0.077984502325395,0.185559681010145,0.151740645058698,0.0886027053878069,0.097654122816394,0.357767077937162
0.0579358726740048,0.275966531275634,0.0566729151165535,0.0676716136600202,0.0556882430877374,0.0503257320317158,0.00740273060766324,0.0463827331092566,0.048067813661962,0.0734182979690012,0.0141882286735313,0.0330740311107638,0.032236532806089,0.0127333849044389,0.0204590796743535,0.0626069956280643,0.0430377034448686,0.0228457930017474,0.049200081667424,0.0883125035809445,0.0310296259459576,0.062478926213532,0.0594320834362987,0.0764869019021037,0.0592710863478055,0.0553929896723568,0.0466178024549203,0.069432148986348,0.125689979993512
0.0692540596098263,0.145378822593029,0.0490701501146379,0.0679234270170738,0.0537257083223491,0.0608413747046327,0.0517090706495081,0.0465829275348415,0.0533214660047364,0.0117857352881376,0.0430776691833207,0.0314077836496217,0.0564817992492022,0.0613003403747317,0.026532670309906,0.00924792973123767,0.0892858484773718,0.0258159858440373,0.0192991683610997,0.0190615078638389,0.151719207115125,0.0457728626183974,0.0737062911193793,0.154309577248681,0.104741072511241,0.101974266290198,0.063952994900433,0.0543435860277214,0.059511347766409
0.111749775041381,0.0548872536482598,0.0460836024549336,0.075797982939659,0.0445656778163638,0.0773854031947382,0.0559055553922363,0.0181310820075986,0.0129574369887119,0.0354104423081318,0.0429393675931451,0.0181374817428921,0.0166379942422054,0.0588455086539507,0.0468883507817563,0.0185078956652257,0.0421236759091457,0.0310445795031608,0.0490353890084931,0.0464724222090996,0.0461753161861658,0.0522082455904578,0.156979174808151,0.0299514197380982,0.0510756624841405,0.0171780429360233,0.0242977289266131,0.0196246234287024,0.0215738570274623
0.105778392201018,0.16418705066505,0.0387830105843614,0.0507937533888314,0.0383893217800602,0.0477917648701409,0.102387890502837,0.0987558799507357,0.0208889679070464,0.0513707546563956,0.0173867483614725,0.00599673957189641,0.0375875348452242,0.0103540867798329,0.0349956099349671,0.0673939682275862,0.0551284218259025,0.0724195008608073,0.0363942940522032,0.0387279237434118,0.131819287009929,0.0668431951379689,0.0628076260402323,0.0142325930804595,0.050735984852814,0.0723689089216548,0.0377902368001221,0.0464990990078872,0.0771345940537524
0.0242587827803263,0.0478110643449015,0.0502819090192485,0.0309979354724252,0.0457289421993894,0.0864036406289654,0.0694203501318517,0.0452836893433811,0.0110565713496011,0.0349144098251875,0.0408906796755512,0.0257128069953464,0.0537891920081041,0.0588358659320306,0.027615044207471,0.0244282776275577,0.037385265837548,0.017680301185055,0.0666516934795247,0.0185621204462821,0.128085673554297,0.11923430774901,0.0678295781532276,0.0525676633592872,0.0475235444716534,0.0401104372042421,0.0462120966745259,0.0238720006687476,0.107827648010286
0.188242405646663,0.0769156133835485,0.096570142748277,0.0453033621988687,0.0221464693766038,0.0270024808269474,0.069614548232462,0.0676564359231592,0.0704711947155988,0.0474804340431866,0.0438251952638185,0.0844405018635362,0.057069963192322,0.0538969544200982,0.0604538781970806,0.00595258345462586,0.0231632477057404,0.055268178991077,0.0358478988925693,0.0538436888010361,0.0534111287948215,0.0392998634710294,0.0317618602802275,0.0733387499852019,0.0125513785079616,0.0254328710588892,0.008513804892706,0.0572748609065847,0.0544417238617064
0.00728832206367768,0.199877487612752,0.0421415089298716,0.0714247646824929,0.0419373541170638,0.0271291230846229,0.0715610765538312,0.0555386379205305,0.0287664410908158,0.074137672040428,0.0494350544183423,0.0463210326774034,0.0643156115177471,0.0554390881324958,0.0348853542753921,0.0267798123785223,0.0186884909067975,0.0441919870940116,0.0088111060596401,0.00920247307411611,0.0545374823690288,0.04352771035586,0.0380350069757656,0.0199464334199902,0.0214680430498519,0.0174652840778235,0.0353792855819897,0.0431870781378869,0.038150660881842
0.445706537720502,0.0529871613202207,0.110870201549891,0.0676838903521429,0.113140061349743,0.140260029031761,0.0195138107179135,0.0464230410081873,0.0359249558408002,0.0188234773224512,0.052267571049547,0.112670291553318,0.0153114322954524,0.0578163809599238,0.0763060331177935,0.0659584710168831,0.0275302719744016,0.0306890855172844,0.0450257102161888,0.0107751331351676,0.0532093275410862,0.0565963466538918,0.16683429475943,0.0658581021264317,0.0460478378357852,0.0308161855234214,0.0535137268958429,0.0953105754743092,0.104638310202439
0.158287615817497,0.081320633058924,0.071799446324407,0.0397746391448464,0.0855620274147182,0.00978013914991615,0.042607486896334,0.0307107027950439,0.0423392336489864,0.0352312095538068,0.0634386621449447,0.09836985656669,0.0462588845827582,0.0650420864675101,0.0492223563152973,0.0390077676030249,0.0255284629493234,0.0624023486443578,0.017189300851614,0.0531105829196347,0.0500452196659666,0.021755743490584,0.0673066113380976,0.0420495857771099,0.0523945489430459,0.028413627774204,0.0352573981746149,0.0228220136297307,0.0444382989412509
0.0246815238029664,0.215983445743524,0.0550566834673331,0.0130638684059229,0.0274980900914167,0.0700922364490558,0.0630869345416181,0.124485965280959,0.0653379988520626,0.0482821785684519,0.0405764839719662,0.0243364875764351,0.0887266631218316,0.0724474336253706,0.0427708127959386,0.0237173946991014,0.0391323677972955,0.0370647647287522,0.0334473819641128,0.0525845330440034,0.0982577807722017,0.0331633825920591,0.14079929442201,0.0235844378277098,0.0190573779243164,0.0383580798912712,0.015271712684979,0.0352468584436496,0.0422017681302748
